"Fecha","Cierre","Apertura","Máximo","Mínimo","Vol.","% var."
"29.11.2021","15,782.8","15,719.4","15,833.1","15,644.6","1.01B","1.88%"
"26.11.2021","15,491.7","15,664.4","15,731.5","15,456.1","781.49M","-2.23%"
"24.11.2021","15,845.2","15,677.9","15,848.6","15,591.4","842.33M","0.44%"
"23.11.2021","15,775.1","15,809.5","15,895.9","15,601.5","1.07B","-0.50%"
"22.11.2021","15,854.8","16,120.9","16,212.2","15,851.0","1.13B","-1.26%"
"19.11.2021","16,057.4","16,042.2","16,121.1","16,017.2","1.02B","0.40%"
"18.11.2021","15,993.7","15,973.4","16,010.9","15,848.8","1.08B","0.45%"
"17.11.2021","15,921.6","15,973.6","15,998.6","15,909.4","966.81M","-0.33%"
"16.11.2021","15,973.9","15,840.3","15,989.6","15,825.0","1.01B","0.76%"
"15.11.2021","15,853.8","15,894.8","15,918.5","15,778.3","952.14M","-0.04%"
"12.11.2021","15,861.0","15,752.6","15,874.6","15,705.4","988.93M","1.00%"
"11.11.2021","15,704.3","15,752.1","15,768.0","15,695.8","867.11M","0.52%"
"10.11.2021","15,622.7","15,753.8","15,867.2","15,543.7","989.63M","-1.66%"
"09.11.2021","15,886.5","16,024.1","16,035.2","15,836.7","1.03B","-0.60%"
"08.11.2021","15,982.4","15,995.7","16,038.2","15,961.8","1.06B","0.07%"
"05.11.2021","15,971.6","16,003.6","16,053.4","15,900.8","1.06B","0.20%"
"04.11.2021","15,940.3","15,849.7","15,966.1","15,827.7","1.02B","0.81%"
"03.11.2021","15,811.6","15,658.5","15,821.6","15,616.4","1.00B","1.04%"
"02.11.2021","15,649.6","15,584.0","15,656.6","15,569.3","997.88M","0.34%"
"01.11.2021","15,595.9","15,541.3","15,598.9","15,470.8","1.00B","0.63%"
"29.10.2021","15,498.4","15,323.3","15,504.1","15,323.3","1.06B","0.33%"
"28.10.2021","15,448.1","15,304.7","15,452.3","15,290.3","1.06B","1.39%"
"27.10.2021","15,235.8","15,276.0","15,364.5","15,235.8","1.09B","0.00%"
"26.10.2021","15,235.7","15,317.5","15,384.0","15,198.2","1.22B","0.06%"
"25.10.2021","15,226.7","15,142.9","15,259.6","15,070.8","1.09B","0.90%"
"22.10.2021","15,090.2","15,158.1","15,193.0","15,021.0","1.10B","-0.82%"
"21.10.2021","15,215.7","15,104.8","15,222.3","15,094.1","891.24M","0.62%"
"20.10.2021","15,121.7","15,160.0","15,178.4","15,071.2","743.43M","-0.05%"
"19.10.2021","15,129.1","15,073.1","15,137.9","15,049.7","788.58M","0.71%"
"18.10.2021","15,021.8","14,839.7","15,026.7","14,833.3","798.37M","0.84%"
"15.10.2021","14,897.3","14,891.2","14,905.0","14,848.0","924.17M","0.50%"
"14.10.2021","14,823.4","14,717.5","14,827.6","14,699.5","815.46M","1.73%"
"13.10.2021","14,571.6","14,537.2","14,589.3","14,471.9","760.21M","0.73%"
"12.10.2021","14,465.9","14,539.1","14,552.7","14,441.6","768.40M","-0.14%"
"11.10.2021","14,486.2","14,540.1","14,666.0","14,482.6","664.49M","-0.64%"
"08.10.2021","14,579.5","14,694.7","14,699.9","14,569.7","670.94M","-0.51%"
"07.10.2021","14,654.0","14,631.8","14,755.7","14,615.1","798.16M","1.05%"
"06.10.2021","14,501.9","14,289.4","14,509.5","14,259.1","817.53M","0.47%"
"05.10.2021","14,433.8","14,312.9","14,508.6","14,299.8","805.23M","1.25%"
"04.10.2021","14,255.5","14,493.1","14,499.7","14,181.7","920.43M","-2.14%"
"01.10.2021","14,566.7","14,494.9","14,606.8","14,324.0","913.08M","0.82%"
"30.09.2021","14,448.6","14,582.6","14,632.4","14,444.3","1.14B","-0.44%"
"29.09.2021","14,512.4","14,614.9","14,676.6","14,493.7","980.97M","-0.24%"
"28.09.2021","14,546.7","14,787.2","14,817.7","14,539.9","996.26M","-2.83%"
"27.09.2021","14,970.0","14,954.2","15,003.2","14,865.0","894.61M","-0.52%"
"24.09.2021","15,047.7","14,961.6","15,067.6","14,946.6","773.44M","-0.03%"
"23.09.2021","15,052.2","14,960.0","15,085.4","14,932.5","788.23M","1.04%"
"22.09.2021","14,896.8","14,800.6","14,950.1","14,767.0","831.12M","1.02%"
"21.09.2021","14,746.4","14,803.4","14,847.0","14,696.5","873.64M","0.22%"
"20.09.2021","14,713.9","14,758.1","14,841.8","14,530.1","1.10B","-2.19%"
"17.09.2021","15,044.0","15,163.4","15,166.6","14,998.7","2.75B","-0.91%"
"16.09.2021","15,181.9","15,120.1","15,205.5","15,047.1","833.07M","0.13%"
"15.09.2021","15,161.5","15,071.3","15,174.4","14,984.7","987.75M","0.82%"
"14.09.2021","15,037.8","15,168.4","15,181.2","15,008.3","884.51M","-0.45%"
"13.09.2021","15,105.6","15,211.4","15,215.4","15,030.9","943.77M","-0.07%"
"10.09.2021","15,115.5","15,332.9","15,349.5","15,111.3","889.08M","-0.87%"
"09.09.2021","15,248.3","15,296.1","15,352.4","15,245.2","793.92M","-0.25%"
"08.09.2021","15,286.6","15,360.3","15,360.3","15,206.6","799.13M","-0.57%"
"07.09.2021","15,374.3","15,376.0","15,403.4","15,343.3","813.76M","0.07%"
"03.09.2021","15,363.5","15,313.4","15,375.6","15,283.7","713.30M","0.21%"
"02.09.2021","15,331.2","15,358.5","15,380.1","15,285.3","771.82M","0.14%"
"01.09.2021","15,309.4","15,309.0","15,379.5","15,302.1","836.30M","0.33%"
"31.08.2021","15,259.2","15,262.9","15,279.0","15,202.7","981.94M","-0.04%"
"30.08.2021","15,265.9","15,165.9","15,288.1","15,165.1","807.58M","0.90%"
"27.08.2021","15,129.5","14,969.8","15,144.5","14,966.5","857.20M","1.23%"
"26.08.2021","14,945.8","15,025.2","15,059.6","14,939.6","698.67M","-0.64%"
"25.08.2021","15,041.9","15,039.0","15,059.4","15,011.6","760.11M","0.15%"
"24.08.2021","15,019.8","14,978.1","15,034.9","14,965.5","737.23M","0.52%"
"23.08.2021","14,942.7","14,777.0","14,963.5","14,777.0","782.67M","1.55%"
"20.08.2021","14,714.7","14,571.5","14,722.2","14,571.5","828.73M","1.19%"
"19.08.2021","14,541.8","14,423.2","14,610.8","14,423.2","841.84M","0.11%"
"18.08.2021","14,525.9","14,636.2","14,697.3","14,516.3","764.92M","-0.89%"
"17.08.2021","14,656.2","14,670.6","14,716.9","14,550.9","797.61M","-0.93%"
"16.08.2021","14,793.8","14,771.5","14,794.7","14,610.0","774.04M","-0.20%"
"13.08.2021","14,822.9","14,825.1","14,850.6","14,797.2","774.68M","0.04%"
"12.08.2021","14,816.3","14,751.4","14,824.3","14,698.9","783.88M","0.35%"
"11.08.2021","14,765.1","14,834.4","14,842.5","14,692.4","787.41M","-0.16%"
"10.08.2021","14,788.1","14,887.7","14,894.6","14,754.5","781.07M","-0.49%"
"09.08.2021","14,860.2","14,855.8","14,883.8","14,802.7","801.12M","0.16%"
"06.08.2021","14,835.8","14,864.2","14,890.2","14,788.6","817.60M","-0.40%"
"05.08.2021","14,895.1","14,794.1","14,896.5","14,776.0","842.72M","0.78%"
"04.08.2021","14,780.5","14,747.2","14,812.4","14,734.1","875.56M","0.13%"
"03.08.2021","14,761.3","14,714.0","14,762.6","14,584.1","831.95M","0.55%"
"02.08.2021","14,681.1","14,758.6","14,770.4","14,665.7","752.76M","0.06%"
"30.07.2021","14,672.7","14,615.9","14,728.8","14,615.9","788.21M","-0.71%"
"29.07.2021","14,778.3","14,771.2","14,833.7","14,761.4","760.01M","0.11%"
"28.07.2021","14,762.6","14,715.7","14,798.9","14,645.6","839.14M","0.70%"
"27.07.2021","14,660.6","14,807.9","14,811.1","14,503.8","885.24M","-1.21%"
"26.07.2021","14,840.7","14,821.0","14,863.6","14,790.5","850.81M","0.03%"
"23.07.2021","14,837.0","14,753.1","14,846.1","14,698.8","758.41M","1.04%"
"22.07.2021","14,684.6","14,652.7","14,694.2","14,617.9","712.06M","0.36%"
"21.07.2021","14,632.0","14,508.7","14,633.1","14,498.7","801.83M","0.92%"
"20.07.2021","14,498.9","14,330.5","14,555.7","14,271.2","1.03B","1.57%"
"19.07.2021","14,275.0","14,236.0","14,313.6","14,178.7","916.44M","-1.06%"
"16.07.2021","14,427.2","14,597.5","14,623.0","14,413.3","811.42M","-0.80%"
"15.07.2021","14,543.1","14,635.8","14,650.4","14,451.8","832.92M","-0.70%"
"14.07.2021","14,645.0","14,780.9","14,790.5","14,632.9","862.70M","-0.22%"
"13.07.2021","14,677.7","14,715.1","14,803.7","14,660.2","805.39M","-0.38%"
"12.07.2021","14,733.2","14,743.9","14,761.1","14,672.6","753.86M","0.21%"
"09.07.2021","14,701.9","14,578.4","14,710.2","14,552.3","756.93M","0.98%"
"08.07.2021","14,559.8","14,409.2","14,610.1","14,371.6","920.12M","-0.72%"
"07.07.2021","14,665.1","14,753.4","14,755.3","14,580.8","889.86M","0.01%"
"06.07.2021","14,663.6","14,661.5","14,687.0","14,529.8","909.25M","0.17%"
"02.07.2021","14,639.3","14,583.0","14,649.1","14,555.3","724.36M","0.81%"
"01.07.2021","14,522.4","14,493.7","14,533.5","14,439.4","843.43M","0.13%"
"30.06.2021","14,504.0","14,509.9","14,526.8","14,478.1","1.08B","-0.17%"
"29.06.2021","14,528.3","14,509.2","14,536.0","14,471.4","908.40M","0.19%"
"28.06.2021","14,500.5","14,417.8","14,505.2","14,417.2","898.05M","0.98%"
"25.06.2021","14,360.4","14,400.8","14,409.1","14,337.7","3.12B","-0.06%"
"24.06.2021","14,369.7","14,357.3","14,414.5","14,333.7","807.03M","0.69%"
"23.06.2021","14,271.7","14,263.4","14,317.7","14,246.3","852.78M","0.13%"
"22.06.2021","14,253.3","14,138.3","14,269.8","14,121.0","891.23M","0.79%"
"21.06.2021","14,141.5","14,047.4","14,150.8","13,960.0","969.70M","0.79%"
"18.06.2021","14,030.4","14,096.9","14,129.2","14,009.0","2.14B","-0.92%"
"17.06.2021","14,161.3","13,999.1","14,196.2","13,998.9","990.64M","0.87%"
"16.06.2021","14,039.7","14,085.6","14,129.7","13,903.7","981.27M","-0.24%"
"15.06.2021","14,072.9","14,166.6","14,171.0","14,052.2","880.03M","-0.71%"
"14.06.2021","14,174.1","14,083.5","14,175.5","14,056.7","895.43M","0.74%"
"11.06.2021","14,069.4","14,030.9","14,069.4","14,006.6","824.12M","0.35%"
"10.06.2021","14,020.3","13,933.9","14,031.2","13,904.4","929.35M","0.78%"
"09.06.2021","13,911.8","13,980.2","14,003.5","13,906.5","1.09B","-0.09%"
"08.06.2021","13,924.9","13,946.3","13,981.7","13,832.0","1.17B","0.31%"
"07.06.2021","13,881.7","13,802.8","13,889.1","13,784.9","916.97M","0.49%"
"04.06.2021","13,814.5","13,697.2","13,826.8","13,692.0","806.24M","1.47%"
"03.06.2021","13,614.5","13,655.7","13,684.1","13,548.9","1.02B","-1.03%"
"02.06.2021","13,756.3","13,743.2","13,775.9","13,689.7","996.75M","0.14%"
"01.06.2021","13,736.5","13,829.1","13,836.2","13,678.8","884.81M","-0.09%"
"28.05.2021","13,748.7","13,792.0","13,820.9","13,747.6","911.24M","0.09%"
"27.05.2021","13,736.3","13,742.6","13,776.5","13,701.6","1.41B","-0.01%"
"26.05.2021","13,738.0","13,693.9","13,750.2","13,679.6","819.71M","0.59%"
"25.05.2021","13,657.2","13,721.5","13,751.1","13,631.8","823.66M","-0.03%"
"24.05.2021","13,661.2","13,557.2","13,708.8","13,551.0","730.82M","1.41%"
"21.05.2021","13,471.0","13,616.2","13,616.6","13,463.3","786.55M","-0.48%"
"20.05.2021","13,535.7","13,356.6","13,563.5","13,355.7","810.41M","1.77%"
"19.05.2021","13,299.7","13,078.2","13,304.6","13,072.2","879.28M","-0.03%"
"18.05.2021","13,303.6","13,416.9","13,485.3","13,299.9","852.73M","-0.56%"
"17.05.2021","13,379.0","13,368.8","13,399.2","13,265.4","799.86M","-0.38%"
"14.05.2021","13,430.0","13,255.6","13,460.9","13,243.0","854.90M","2.32%"
"13.05.2021","13,125.0","13,150.9","13,247.9","13,007.2","986.84M","0.72%"
"12.05.2021","13,031.7","13,215.5","13,288.6","13,002.5","985.26M","-2.67%"
"11.05.2021","13,389.4","13,115.9","13,423.3","13,107.7","983.05M","-0.09%"
"10.05.2021","13,401.9","13,687.6","13,687.9","13,401.7","1.02B","-2.55%"
"07.05.2021","13,752.2","13,723.1","13,828.6","13,690.7","873.19M","0.88%"
"06.05.2021","13,632.8","13,557.8","13,635.7","13,439.4","1.04B","0.37%"
"05.05.2021","13,582.4","13,731.1","13,753.0","13,553.9","909.08M","-0.37%"
"04.05.2021","13,633.5","13,774.5","13,795.6","13,485.6","1.09B","-1.88%"
"03.05.2021","13,895.1","14,031.8","14,042.1","13,881.5","919.69M","-0.48%"
"30.04.2021","13,962.7","13,970.7","14,084.8","13,941.6","1.02B","-0.85%"
"29.04.2021","14,082.5","14,204.5","14,211.6","13,952.8","994.15M","0.22%"
"28.04.2021","14,051.0","14,082.8","14,133.7","14,034.7","861.23M","-0.28%"
"27.04.2021","14,090.2","14,170.9","14,171.2","14,064.3","871.20M","-0.34%"
"26.04.2021","14,138.8","14,052.4","14,154.0","14,019.5","867.75M","0.87%"
"23.04.2021","14,016.8","13,861.4","14,062.7","13,856.8","843.30M","1.44%"
"22.04.2021","13,818.4","13,952.6","14,015.9","13,771.0","871.28M","-0.94%"
"21.04.2021","13,950.2","13,745.8","13,951.3","13,706.9","819.76M","1.19%"
"20.04.2021","13,786.3","13,894.5","13,927.7","13,698.7","875.27M","-0.92%"
"19.04.2021","13,914.8","13,984.6","14,041.8","13,842.6","907.06M","-0.98%"
"16.04.2021","14,052.3","14,059.1","14,062.5","13,977.0","962.78M","0.10%"
"15.04.2021","14,038.8","13,983.2","14,049.1","13,970.4","867.56M","1.31%"
"14.04.2021","13,857.8","14,004.1","14,033.6","13,839.0","812.85M","-0.99%"
"13.04.2021","13,996.1","13,902.4","14,011.5","13,902.4","839.45M","1.05%"
"12.04.2021","13,850.0","13,854.4","13,877.0","13,783.9","894.01M","-0.36%"
"09.04.2021","13,900.2","13,787.0","13,905.4","13,748.3","785.76M","0.51%"
"08.04.2021","13,829.3","13,796.9","13,830.1","13,758.7","870.92M","1.03%"
"07.04.2021","13,688.8","13,675.3","13,733.0","13,653.6","819.48M","-0.07%"
"06.04.2021","13,698.4","13,681.7","13,776.7","13,674.3","870.63M","-0.05%"
"05.04.2021","13,705.6","13,594.9","13,720.6","13,582.8","916.61M","1.67%"
"01.04.2021","13,480.1","13,414.3","13,487.1","13,404.2","939.16M","1.76%"
"31.03.2021","13,246.9","13,122.6","13,325.5","13,118.4","1.21B","1.54%"
"30.03.2021","13,045.4","13,008.8","13,075.8","12,922.6","983.51M","-0.11%"
"29.03.2021","13,059.6","13,104.0","13,143.4","12,968.2","1.06B","-0.60%"
"26.03.2021","13,138.7","12,996.0","13,149.6","12,878.7","1.14B","1.24%"
"25.03.2021","12,977.7","12,844.6","13,021.9","12,786.8","1.17B","0.12%"
"24.03.2021","12,961.9","13,289.2","13,292.9","12,961.4","1.19B","-2.01%"
"23.03.2021","13,227.7","13,381.4","13,405.1","13,202.4","1.19B","-1.12%"
"22.03.2021","13,377.5","13,278.8","13,455.6","13,278.8","1.11B","1.23%"
"19.03.2021","13,215.2","13,119.9","13,252.4","13,039.5","2.93B","0.76%"
"18.03.2021","13,116.2","13,349.2","13,384.5","13,101.9","1.22B","-3.02%"
"17.03.2021","13,525.2","13,336.9","13,595.0","13,272.7","1.18B","0.40%"
"16.03.2021","13,471.6","13,523.2","13,620.7","13,397.1","1.10B","0.09%"
"15.03.2021","13,459.7","13,323.5","13,460.3","13,272.5","1.13B","1.05%"
"12.03.2021","13,319.9","13,222.8","13,324.7","13,158.7","1.09B","-0.59%"
"11.03.2021","13,398.7","13,273.3","13,433.6","13,246.3","1.19B","2.52%"
"10.03.2021","13,068.8","13,234.7","13,277.1","13,035.4","1.22B","-0.04%"
"09.03.2021","13,073.8","12,923.1","13,151.5","12,882.5","1.28B","3.69%"
"08.03.2021","12,609.2","12,904.3","13,001.0","12,599.2","1.27B","-2.41%"
"05.03.2021","12,920.1","12,860.0","12,941.2","12,397.1","1.56B","1.55%"
"04.03.2021","12,723.5","12,954.0","13,068.7","12,554.0","1.58B","-2.11%"
"03.03.2021","12,997.8","13,336.3","13,372.5","12,995.1","1.16B","-2.70%"
"02.03.2021","13,358.8","13,599.4","13,601.3","13,352.0","1.08B","-1.69%"
"01.03.2021","13,588.8","13,406.2","13,596.6","13,362.7","1.10B","3.01%"
"26.02.2021","13,192.3","13,232.9","13,368.1","13,024.5","1.44B","0.56%"
"25.02.2021","13,119.4","13,512.6","13,602.9","13,066.4","1.33B","-3.52%"
"24.02.2021","13,598.0","13,400.3","13,607.4","13,286.6","1.24B","0.99%"
"23.02.2021","13,465.2","13,262.6","13,526.1","13,004.0","1.64B","-0.50%"
"22.02.2021","13,533.0","13,714.2","13,757.1","13,531.0","1.37B","-2.46%"
"19.02.2021","13,874.5","13,929.2","13,985.6","13,842.6","1.31B","0.07%"
"18.02.2021","13,865.4","13,814.7","13,906.0","13,714.3","1.24B","-0.72%"
"17.02.2021","13,965.5","13,911.6","13,976.4","13,804.3","1.35B","-0.58%"
"16.02.2021","14,047.5","14,152.2","14,175.1","13,995.4","1.49B","-0.34%"
"12.02.2021","14,095.5","13,979.2","14,102.0","13,937.7","1.32B","0.50%"
"11.02.2021","14,025.8","14,045.2","14,058.9","13,916.8","1.98B","0.38%"
"10.02.2021","13,972.5","14,093.3","14,109.1","13,845.5","1.83B","-0.25%"
"09.02.2021","14,007.7","13,966.8","14,044.9","13,966.6","1.52B","0.14%"
"08.02.2021","13,987.6","13,937.1","13,987.7","13,894.1","1.61B","0.95%"
"05.02.2021","13,856.3","13,824.9","13,878.2","13,761.7","1.26B","0.57%"
"04.02.2021","13,777.7","13,674.1","13,778.4","13,631.6","1.29B","1.23%"
"03.02.2021","13,610.5","13,718.3","13,723.8","13,585.3","1.36B","-0.02%"
"02.02.2021","13,612.8","13,543.1","13,652.7","13,535.9","1.43B","1.56%"
"01.02.2021","13,403.4","13,226.2","13,431.5","13,132.5","1.39B","2.55%"
"29.01.2021","13,070.7","13,284.7","13,322.0","12,985.1","1.78B","-2.00%"
"28.01.2021","13,337.2","13,323.3","13,507.6","13,316.5","2.16B","0.50%"
"27.01.2021","13,270.6","13,486.6","13,538.4","13,192.9","2.19B","-2.61%"
"26.01.2021","13,626.1","13,681.7","13,702.7","13,603.2","1.25B","-0.07%"
"25.01.2021","13,636.0","13,681.2","13,729.0","13,368.7","1.43B","0.69%"
"22.01.2021","13,543.1","13,474.8","13,567.1","13,463.7","1.13B","0.09%"
"21.01.2021","13,530.9","13,521.5","13,560.4","13,454.1","1.34B","0.55%"
"20.01.2021","13,457.2","13,342.5","13,486.1","13,329.8","1.29B","1.97%"
"19.01.2021","13,197.2","13,132.7","13,206.9","13,078.7","1.22B","1.53%"
"15.01.2021","12,998.5","13,099.9","13,139.8","12,949.8","1.26B","-0.87%"
"14.01.2021","13,112.6","13,174.8","13,220.2","13,098.4","1.21B","-0.12%"
"13.01.2021","13,129.0","13,088.0","13,171.1","13,051.1","1.27B","0.43%"
"12.01.2021","13,072.4","13,062.1","13,105.0","12,963.9","1.25B","0.28%"
"11.01.2021","13,036.4","13,048.8","13,138.3","12,999.5","1.24B","-1.25%"
"08.01.2021","13,202.0","13,160.2","13,208.1","13,036.5","1.33B","1.03%"
"07.01.2021","13,067.5","12,867.3","13,090.9","12,867.3","1.25B","2.56%"
"06.01.2021","12,740.8","12,666.2","12,909.6","12,650.0","1.45B","-0.61%"
"05.01.2021","12,819.0","12,665.7","12,828.3","12,665.6","1.21B","0.95%"
"04.01.2021","12,698.4","12,958.5","12,958.7","12,543.2","1.27B","-1.47%"
"31.12.2020","12,888.3","12,877.1","12,902.1","12,821.2","987.15M","0.14%"
"30.12.2020","12,870.0","12,906.5","12,924.9","12,857.8","954.01M","0.15%"
"29.12.2020","12,850.2","12,965.4","12,973.3","12,822.0","896.81M","-0.38%"
"28.12.2020","12,899.4","12,914.6","12,930.9","12,827.4","978.34M","0.74%"
"24.12.2020","12,804.7","12,791.5","12,833.6","12,767.6","584.09M","0.26%"
"23.12.2020","12,771.1","12,834.9","12,841.9","12,758.7","1.23B","-0.29%"
"22.12.2020","12,807.9","12,785.2","12,840.6","12,695.3","1.11B","0.51%"
"21.12.2020","12,742.5","12,596.1","12,751.3","12,525.2","1.11B","-0.10%"
"18.12.2020","12,755.6","12,804.9","12,809.6","12,654.6","2.81B","-0.07%"
"17.12.2020","12,764.7","12,730.8","12,765.3","12,696.4","1.02B","0.84%"
"16.12.2020","12,658.2","12,611.0","12,687.3","12,566.4","985.82M","0.50%"
"15.12.2020","12,595.1","12,543.3","12,596.1","12,465.4","915.62M","1.25%"
"14.12.2020","12,440.0","12,447.4","12,543.0","12,432.7","983.31M","0.50%"
"11.12.2020","12,377.9","12,336.8","12,383.5","12,246.8","876.15M","-0.23%"
"10.12.2020","12,405.8","12,247.5","12,431.6","12,214.7","893.26M","0.54%"
"09.12.2020","12,339.0","12,591.7","12,607.1","12,290.8","1.07B","-1.94%"
"08.12.2020","12,582.8","12,503.2","12,594.5","12,453.2","973.77M","0.50%"
"07.12.2020","12,519.9","12,461.0","12,536.2","12,460.6","931.78M","0.45%"
"04.12.2020","12,464.2","12,399.3","12,464.2","12,376.4","1.00B","0.70%"
"03.12.2020","12,377.2","12,369.3","12,439.0","12,357.0","928.31M","0.23%"
"02.12.2020","12,349.4","12,285.8","12,360.1","12,217.3","985.81M","-0.05%"
"01.12.2020","12,355.1","12,313.4","12,405.8","12,263.9","1.28B","1.28%"
"30.11.2020","12,198.7","12,224.3","12,244.7","12,027.2","1.76B","-0.06%"
"27.11.2020","12,205.8","12,159.2","12,236.2","12,154.6","655.99M","0.92%"
"25.11.2020","12,094.4","12,053.9","12,114.8","12,021.0","899.55M","0.47%"
"24.11.2020","12,037.3","11,939.3","12,049.9","11,863.5","1.27B","1.32%"
"23.11.2020","11,880.6","11,916.8","11,949.3","11,796.5","1.05B","0.22%"
"20.11.2020","11,855.0","11,892.7","11,935.5","11,852.5","1.12B","-0.42%"
"19.11.2020","11,904.7","11,779.0","11,912.6","11,761.0","1.08B","0.87%"
"18.11.2020","11,801.6","11,896.1","11,942.5","11,800.0","963.95M","-0.82%"
"17.11.2020","11,899.3","11,913.3","11,950.2","11,852.4","849.41M","-0.21%"
"16.11.2020","11,924.1","11,847.1","11,937.7","11,814.9","935.40M","0.80%"
"13.11.2020","11,829.3","11,794.9","11,849.8","11,715.5","787.30M","1.02%"
"12.11.2020","11,709.6","11,802.5","11,847.8","11,666.4","829.44M","-0.65%"
"11.11.2020","11,786.4","11,656.7","11,793.6","11,638.9","819.26M","2.01%"
"10.11.2020","11,553.9","11,622.4","11,665.9","11,424.6","1.03B","-1.37%"
"09.11.2020","11,713.8","12,046.7","12,108.1","11,703.5","1.41B","-1.53%"
"06.11.2020","11,895.2","11,869.9","11,920.5","11,737.1","893.72M","0.04%"
"05.11.2020","11,890.9","11,816.3","11,924.3","11,784.2","828.68M","2.59%"
"04.11.2020","11,590.8","11,443.8","11,663.3","11,394.2","852.15M","3.85%"
"03.11.2020","11,160.6","11,038.7","11,213.9","11,004.8","710.54M","1.85%"
"02.11.2020","10,957.6","11,010.5","11,071.1","10,830.9","715.79M","0.42%"
"30.10.2020","10,911.6","11,103.5","11,129.8","10,822.6","873.94M","-2.45%"
"29.10.2020","11,185.6","11,064.5","11,287.6","11,030.2","733.27M","1.64%"
"28.10.2020","11,004.9","11,230.9","11,250.0","10,999.1","856.55M","-3.73%"
"27.10.2020","11,431.3","11,409.3","11,465.1","11,361.9","676.35M","0.64%"
"26.10.2020","11,358.9","11,440.6","11,545.6","11,221.1","690.96M","-1.64%"
"23.10.2020","11,548.3","11,536.0","11,548.8","11,434.9","657.56M","0.37%"
"22.10.2020","11,506.0","11,527.0","11,548.8","11,369.3","750.16M","0.19%"
"21.10.2020","11,484.7","11,530.4","11,613.8","11,476.1","753.85M","-0.28%"
"20.10.2020","11,516.5","11,531.8","11,632.9","11,471.2","714.59M","0.33%"
"19.10.2020","11,478.9","11,732.3","11,778.1","11,454.6","755.00M","-1.65%"
"16.10.2020","11,671.6","11,761.8","11,827.4","11,648.5","741.76M","-0.36%"
"15.10.2020","11,713.9","11,559.9","11,740.7","11,559.1","661.41M","-0.47%"
"14.10.2020","11,768.7","11,889.1","11,939.9","11,714.3","697.01M","-0.80%"
"13.10.2020","11,863.9","11,901.8","11,947.0","11,821.8","729.33M","-0.10%"
"12.10.2020","11,876.3","11,732.3","11,965.5","11,704.1","830.65M","2.56%"
"09.10.2020","11,579.9","11,487.6","11,581.2","11,476.7","729.77M","1.39%"
"08.10.2020","11,421.0","11,443.3","11,448.2","11,384.3","715.15M","0.50%"
"07.10.2020","11,364.6","11,271.7","11,380.6","11,258.3","834.93M","1.88%"
"06.10.2020","11,154.6","11,314.5","11,392.4","11,124.5","936.32M","-1.57%"
"05.10.2020","11,332.5","11,169.1","11,335.2","11,162.5","781.32M","2.32%"
"02.10.2020","11,075.0","11,082.5","11,244.9","11,033.7","810.86M","-2.22%"
"01.10.2020","11,326.5","11,292.0","11,344.1","11,240.5","843.82M","1.42%"
"30.09.2020","11,167.5","11,092.9","11,278.0","11,092.9","1.02B","0.74%"
"29.09.2020","11,085.3","11,109.0","11,153.2","11,065.6","763.32M","-0.29%"
"28.09.2020","11,117.5","11,084.4","11,120.8","11,019.1","840.42M","1.87%"
"25.09.2020","10,913.6","10,680.5","10,939.5","10,640.0","820.01M","2.26%"
"24.09.2020","10,672.3","10,551.0","10,799.5","10,520.2","923.44M","0.37%"
"23.09.2020","10,633.0","10,950.8","10,962.0","10,612.9","962.40M","-3.02%"
"22.09.2020","10,963.6","10,873.3","10,979.7","10,737.5","845.80M","1.71%"
"21.09.2020","10,778.8","10,610.1","10,782.7","10,519.5","1.02B","-0.13%"
"18.09.2020","10,793.3","10,973.5","10,977.7","10,640.0","2.41B","-1.07%"
"17.09.2020","10,910.3","10,796.0","10,974.5","10,783.8","936.99M","-1.27%"
"16.09.2020","11,050.5","11,222.1","11,245.4","11,046.4","923.76M","-1.25%"
"15.09.2020","11,190.3","11,194.0","11,244.5","11,128.0","828.01M","1.21%"
"14.09.2020","11,056.7","11,010.1","11,118.3","10,982.3","882.03M","1.87%"
"11.09.2020","10,853.5","11,010.1","11,033.0","10,728.0","817.03M","-0.60%"
"10.09.2020","10,919.6","11,235.5","11,299.5","10,875.0","898.02M","-1.99%"
"09.09.2020","11,141.6","11,064.8","11,217.7","10,970.5","861.84M","2.71%"
"08.09.2020","10,847.7","10,900.7","11,131.5","10,837.2","984.13M","-4.11%"
"04.09.2020","11,313.1","11,396.2","11,531.2","10,875.9","1.02B","-1.27%"
"03.09.2020","11,458.1","11,861.9","11,894.4","11,361.3","1.05B","-4.96%"
"02.09.2020","12,056.4","12,047.3","12,074.1","11,836.2","903.54M","0.98%"
"01.09.2020","11,939.7","11,851.0","11,945.7","11,794.8","812.61M","1.39%"
"31.08.2020","11,775.5","11,718.8","11,829.8","11,697.4","940.53M","0.68%"
"28.08.2020","11,695.6","11,689.3","11,708.8","11,634.8","694.25M","0.60%"
"27.08.2020","11,625.3","11,688.2","11,730.0","11,551.0","773.52M","-0.34%"
"26.08.2020","11,665.1","11,516.6","11,672.0","11,507.5","738.61M","1.73%"
"25.08.2020","11,466.5","11,370.2","11,468.3","11,343.0","719.87M","0.76%"
"24.08.2020","11,379.7","11,449.3","11,462.0","11,297.5","837.05M","0.60%"
"21.08.2020","11,311.8","11,258.4","11,326.2","11,245.4","879.96M","0.42%"
"20.08.2020","11,265.0","11,096.4","11,283.6","11,090.0","830.32M","1.06%"
"19.08.2020","11,146.5","11,214.8","11,257.4","11,132.1","752.24M","-0.57%"
"18.08.2020","11,210.8","11,170.8","11,230.6","11,103.8","736.48M","0.73%"
"17.08.2020","11,129.7","11,083.3","11,144.5","11,080.3","741.24M","1.00%"
"14.08.2020","11,019.3","11,042.2","11,058.4","10,972.1","729.02M","-0.21%"
"13.08.2020","11,042.5","11,026.9","11,124.8","11,007.5","750.92M","0.27%"
"12.08.2020","11,012.2","10,878.1","11,036.7","10,877.2","811.57M","2.13%"
"11.08.2020","10,782.8","10,942.7","10,989.4","10,762.7","969.23M","-1.69%"
"10.08.2020","10,968.4","11,033.7","11,040.2","10,849.5","894.84M","-0.39%"
"07.08.2020","11,011.0","11,072.5","11,126.0","10,920.4","891.08M","-0.87%"
"06.08.2020","11,108.1","10,990.0","11,121.2","10,963.4","876.41M","1.00%"
"05.08.2020","10,998.4","10,967.9","11,002.1","10,943.7","887.01M","0.52%"
"04.08.2020","10,941.2","10,897.9","10,941.9","10,852.9","886.04M","0.35%"
"03.08.2020","10,902.8","10,848.6","10,927.6","10,831.2","904.39M","1.47%"
"31.07.2020","10,745.3","10,741.5","10,747.8","10,557.7","1.09B","1.49%"
"30.07.2020","10,587.8","10,450.1","10,609.6","10,412.1","897.26M","0.43%"
"29.07.2020","10,542.9","10,474.7","10,567.9","10,464.0","878.49M","1.35%"
"28.07.2020","10,402.1","10,509.2","10,523.6","10,397.9","811.00M","-1.27%"
"27.07.2020","10,536.3","10,421.7","10,546.4","10,399.9","912.98M","1.67%"
"24.07.2020","10,363.2","10,294.4","10,418.8","10,217.3","909.49M","-0.94%"
"23.07.2020","10,461.4","10,689.5","10,728.1","10,407.9","990.59M","-2.29%"
"22.07.2020","10,706.1","10,687.6","10,745.3","10,627.5","841.40M","0.24%"
"21.07.2020","10,680.4","10,837.9","10,839.9","10,650.5","1.06B","-0.81%"
"20.07.2020","10,767.1","10,526.0","10,783.8","10,488.0","937.33M","2.51%"
"17.07.2020","10,503.2","10,500.5","10,532.6","10,421.2","951.84M","0.28%"
"16.07.2020","10,473.8","10,443.9","10,499.8","10,364.4","873.49M","-0.73%"
"15.07.2020","10,550.5","10,576.7","10,604.7","10,420.5","1.04B","0.59%"
"14.07.2020","10,488.6","10,310.3","10,497.8","10,182.5","974.17M","0.94%"
"13.07.2020","10,390.8","10,729.9","10,824.8","10,368.0","1.08B","-2.13%"
"10.07.2020","10,617.4","10,545.9","10,622.3","10,447.0","781.92M","0.66%"
"09.07.2020","10,547.8","10,563.7","10,578.1","10,379.9","901.21M","0.53%"
"08.07.2020","10,492.5","10,409.3","10,494.6","10,351.0","901.93M","1.44%"
"07.07.2020","10,343.9","10,412.5","10,519.0","10,338.0","946.99M","-0.86%"
"06.07.2020","10,433.7","10,360.4","10,462.0","10,355.0","1.04B","2.21%"
"02.07.2020","10,207.6","10,268.7","10,310.4","10,194.1","887.00M","0.52%"
"01.07.2020","10,154.6","10,063.7","10,197.2","10,048.0","972.05M","0.95%"
"30.06.2020","10,058.8","9,875.3","10,085.6","9,863.7","1.10B","1.87%"
"29.06.2020","9,874.2","9,771.7","9,877.3","9,663.6","977.01M","1.20%"
"26.06.2020","9,757.2","9,995.1","10,000.7","9,749.1","2.67B","-2.59%"
"25.06.2020","10,017.0","9,899.4","10,023.3","9,810.5","1.06B","1.09%"
"24.06.2020","9,909.2","10,092.9","10,137.5","9,842.2","1.26B","-2.19%"
"23.06.2020","10,131.4","10,130.8","10,221.8","10,112.4","1.18B","0.74%"
"22.06.2020","10,056.5","9,945.5","10,059.6","9,916.6","1.06B","1.11%"
"19.06.2020","9,946.1","10,042.1","10,053.9","9,872.9","2.39B","0.03%"
"18.06.2020","9,943.0","9,892.5","9,959.2","9,885.7","1.03B","0.33%"
"17.06.2020","9,910.5","9,943.3","9,991.2","9,891.8","1.01B","0.15%"
"16.06.2020","9,895.9","9,949.8","9,963.6","9,748.4","1.09B","1.75%"
"15.06.2020","9,726.0","9,426.9","9,756.1","9,403.0","1.08B","1.43%"
"12.06.2020","9,588.8","9,715.9","9,768.6","9,413.6","1.04B","1.01%"
"11.06.2020","9,492.7","9,791.2","9,868.1","9,491.3","1.25B","-5.27%"
"10.06.2020","10,020.3","10,012.3","10,086.9","9,962.6","1.11B","0.67%"
"09.06.2020","9,953.8","9,867.2","10,002.5","9,863.3","1.12B","0.29%"
"08.06.2020","9,924.8","9,823.4","9,927.1","9,780.6","1.34B","1.13%"
"05.06.2020","9,814.1","9,703.5","9,845.7","9,685.3","1.44B","2.06%"
"04.06.2020","9,615.8","9,649.7","9,716.1","9,560.4","1.29B","-0.69%"
"03.06.2020","9,682.9","9,651.9","9,707.8","9,627.2","1.01B","0.78%"
"02.06.2020","9,608.4","9,566.5","9,611.2","9,472.1","908.58M","0.59%"
"01.06.2020","9,552.0","9,471.4","9,571.3","9,462.3","878.99M","0.66%"
"29.05.2020","9,489.9","9,382.3","9,505.5","9,324.7","1.45B","1.29%"
"28.05.2020","9,369.0","9,393.0","9,523.6","9,345.3","877.39M","-0.46%"
"27.05.2020","9,412.4","9,346.1","9,414.6","9,144.3","951.52M","0.77%"
"26.05.2020","9,340.2","9,501.2","9,501.2","9,333.2","967.90M","0.17%"
"22.05.2020","9,324.6","9,278.5","9,328.3","9,239.4","746.03M","0.43%"
"21.05.2020","9,284.9","9,375.2","9,405.3","9,254.8","785.34M","-0.97%"
"20.05.2020","9,375.8","9,305.6","9,392.8","9,304.2","938.19M","2.08%"
"19.05.2020","9,185.1","9,227.5","9,317.3","9,183.3","869.45M","-0.54%"
"18.05.2020","9,234.8","9,177.2","9,267.2","9,154.3","968.79M","2.44%"
"15.05.2020","9,014.6","8,840.0","9,018.4","8,821.4","1.03B","0.79%"
"14.05.2020","8,943.7","8,788.0","8,945.7","8,705.3","883.25M","0.91%"
"13.05.2020","8,863.2","9,006.0","9,074.2","8,752.7","952.96M","-1.55%"
"12.05.2020","9,002.5","9,225.2","9,251.0","9,000.1","922.43M","-2.06%"
"11.05.2020","9,192.3","9,054.9","9,241.9","9,053.2","878.43M","0.78%"
"08.05.2020","9,121.3","9,056.9","9,126.0","9,018.2","824.61M","1.58%"
"07.05.2020","8,979.7","8,973.8","9,016.0","8,932.8","831.29M","1.41%"
"06.05.2020","8,854.4","8,874.7","8,933.3","8,819.4","782.81M","0.51%"
"05.05.2020","8,809.1","8,809.7","8,910.0","8,781.3","834.18M","1.13%"
"04.05.2020","8,710.7","8,555.3","8,715.8","8,537.8","806.28M","1.23%"
"01.05.2020","8,605.0","8,681.3","8,754.5","8,566.8","868.79M","-3.20%"
"30.04.2020","8,889.5","8,911.0","8,926.1","8,825.8","1.13B","-0.28%"
"29.04.2020","8,914.7","8,802.7","8,957.3","8,765.0","1.03B","3.57%"
"28.04.2020","8,607.7","8,825.7","8,830.6","8,600.7","846.78M","-1.40%"
"27.04.2020","8,730.2","8,718.0","8,754.6","8,697.4","807.92M","1.11%"
"24.04.2020","8,634.5","8,530.1","8,642.9","8,464.4","797.88M","1.65%"
"23.04.2020","8,494.8","8,528.8","8,635.2","8,475.2","854.52M","-0.01%"
"22.04.2020","8,495.4","8,434.5","8,537.3","8,404.5","733.43M","2.81%"
"21.04.2020","8,263.2","8,460.7","8,480.3","8,215.7","881.56M","-3.48%"
"20.04.2020","8,560.7","8,553.4","8,684.9","8,553.4","876.31M","-1.03%"
"17.04.2020","8,650.1","8,667.5","8,670.3","8,531.7","1.06B","1.38%"
"16.04.2020","8,532.4","8,479.1","8,560.2","8,393.3","919.56M","1.66%"
"15.04.2020","8,393.2","8,356.0","8,464.7","8,308.8","794.06M","-1.44%"
"14.04.2020","8,515.7","8,353.2","8,531.1","8,338.1","849.82M","3.95%"
"13.04.2020","8,192.4","8,127.7","8,200.4","8,036.0","761.87M","0.48%"
"09.04.2020","8,153.6","8,169.0","8,227.9","8,072.3","925.80M","0.77%"
"08.04.2020","8,090.9","7,975.7","8,114.4","7,901.9","838.25M","2.58%"
"07.04.2020","7,887.3","8,130.0","8,146.4","7,881.2","1.00B","-0.33%"
"06.04.2020","7,913.2","7,660.2","7,938.3","7,617.8","980.15M","7.33%"
"03.04.2020","7,373.1","7,477.3","7,518.7","7,288.1","836.10M","-1.53%"
"02.04.2020","7,487.3","7,317.5","7,501.7","7,308.0","912.99M","1.72%"
"01.04.2020","7,360.6","7,459.5","7,566.4","7,302.0","914.11M","-4.41%"
"31.03.2020","7,700.1","7,740.1","7,880.3","7,642.9","1.10B","-0.95%"
"30.03.2020","7,774.1","7,583.5","7,784.4","7,540.0","926.45M","3.62%"
"27.03.2020","7,502.4","7,554.3","7,716.2","7,491.1","1.00B","-3.79%"
"26.03.2020","7,797.5","7,462.2","7,809.8","7,462.2","1.01B","5.60%"
"25.03.2020","7,384.3","7,421.4","7,671.2","7,276.4","1.19B","-0.45%"
"24.03.2020","7,417.9","7,196.1","7,418.4","7,169.9","1.15B","8.12%"
"23.03.2020","6,860.7","6,847.3","6,984.9","6,631.4","1.08B","-0.27%"
"20.03.2020","6,879.5","7,248.1","7,354.4","6,854.7","1.64B","-3.79%"
"19.03.2020","7,150.6","6,996.5","7,341.4","6,858.4","1.19B","2.30%"
"18.03.2020","6,989.8","6,902.3","7,182.8","6,686.4","1.26B","-4.70%"
"17.03.2020","7,334.8","6,904.6","7,406.2","6,828.9","1.29B","6.23%"
"16.03.2020","6,904.6","7,392.7","7,422.2","6,882.9","1.27B","-12.32%"
"13.03.2020","7,874.9","7,610.4","7,875.9","7,219.1","1.25B","9.35%"
"12.03.2020","7,201.8","7,398.6","7,712.3","7,194.7","1.34B","-9.43%"
"11.03.2020","7,952.0","8,136.3","8,181.4","7,850.9","1.06B","-4.70%"
"10.03.2020","8,344.3","8,219.8","8,347.4","7,930.4","1.12B","4.95%"
"09.03.2020","7,950.7","7,957.9","8,243.3","7,943.2","1.20B","-7.29%"
"06.03.2020","8,575.6","8,469.0","8,612.4","8,375.1","1.05B","-1.86%"
"05.03.2020","8,738.6","8,790.1","8,921.1","8,677.4","901.11M","-3.10%"
"04.03.2020","9,018.1","8,834.1","9,020.0","8,757.7","878.06M","3.85%"
"03.03.2020","8,684.1","8,965.1","9,070.3","8,602.9","1.10B","-2.99%"
"02.03.2020","8,952.2","8,667.1","8,952.8","8,543.3","1.10B","4.49%"
"28.02.2020","8,567.4","8,269.7","8,591.8","8,264.2","1.44B","0.01%"
"27.02.2020","8,566.5","8,744.0","8,904.1","8,562.0","1.15B","-4.61%"
"26.02.2020","8,980.8","9,011.5","9,148.3","8,927.8","870.35M","0.17%"
"25.02.2020","8,965.6","9,301.2","9,315.3","8,940.5","871.82M","-2.77%"
"24.02.2020","9,221.3","9,188.4","9,322.9","9,166.0","795.20M","-3.71%"
"21.02.2020","9,576.6","9,708.0","9,716.0","9,542.3","699.67M","-1.79%"
"20.02.2020","9,751.0","9,799.2","9,820.9","9,636.9","646.92M","-0.67%"
"19.02.2020","9,817.2","9,782.8","9,838.4","9,777.1","580.07M","0.87%"
"18.02.2020","9,732.7","9,679.0","9,747.7","9,675.8","555.31M","0.02%"
"14.02.2020","9,731.2","9,728.9","9,746.4","9,693.0","536.34M","0.20%"
"13.02.2020","9,712.0","9,657.0","9,748.3","9,650.0","545.84M","-0.14%"
"12.02.2020","9,726.0","9,688.6","9,728.8","9,666.7","589.71M","0.90%"
"11.02.2020","9,638.9","9,680.9","9,714.7","9,617.2","567.80M","0.11%"
"10.02.2020","9,628.4","9,493.6","9,628.7","9,493.6","546.60M","1.13%"
"07.02.2020","9,520.5","9,526.6","9,570.1","9,496.5","549.79M","-0.54%"
"06.02.2020","9,572.2","9,541.0","9,575.7","9,505.7","582.67M","0.67%"
"05.02.2020","9,508.7","9,574.1","9,574.9","9,454.9","625.91M","0.43%"
"04.02.2020","9,468.0","9,398.4","9,485.4","9,374.0","607.83M","2.10%"
"03.02.2020","9,273.4","9,190.7","9,299.8","9,188.5","623.27M","1.34%"
"31.01.2020","9,150.9","9,324.3","9,324.8","9,123.2","695.77M","-1.59%"
"30.01.2020","9,298.9","9,211.2","9,303.0","9,185.2","573.68M","0.26%"
"29.01.2020","9,275.2","9,318.3","9,329.1","9,249.0","548.87M","0.06%"
"28.01.2020","9,269.7","9,201.8","9,288.9","9,182.3","530.77M","1.43%"
"27.01.2020","9,139.3","9,092.5","9,185.5","9,088.0","686.78M","-1.89%"
"24.01.2020","9,314.9","9,446.2","9,451.4","9,273.2","629.46M","-0.93%"
"23.01.2020","9,402.5","9,377.7","9,409.2","9,334.1","611.04M","0.20%"
"22.01.2020","9,383.8","9,413.6","9,439.3","9,375.1","580.34M","0.14%"
"21.01.2020","9,370.8","9,361.1","9,397.6","9,350.2","691.60M","-0.19%"
"17.01.2020","9,388.9","9,392.4","9,393.5","9,346.8","659.47M","0.34%"
"16.01.2020","9,357.1","9,313.4","9,357.9","9,301.3","567.15M","1.06%"
"15.01.2020","9,258.7","9,253.8","9,298.8","9,231.1","584.77M","0.08%"
"14.01.2020","9,251.3","9,270.6","9,298.3","9,226.5","624.22M","-0.24%"
"13.01.2020","9,273.9","9,213.7","9,274.5","9,193.1","605.16M","1.04%"
"10.01.2020","9,178.9","9,232.9","9,235.2","9,164.7","585.08M","-0.27%"
"09.01.2020","9,203.4","9,202.3","9,216.0","9,158.5","601.33M","0.81%"
"08.01.2020","9,129.2","9,068.0","9,168.9","9,059.4","595.81M","0.67%"
"07.01.2020","9,068.6","9,076.7","9,091.9","9,042.5","552.23M","-0.03%"
"06.01.2020","9,071.5","8,943.5","9,072.4","8,943.5","690.23M","0.56%"
"03.01.2020","9,020.8","8,976.4","9,065.8","8,976.4","618.55M","-0.79%"
"02.01.2020","9,092.2","9,039.5","9,093.4","9,010.9","654.95M","1.33%"
"31.12.2019","8,972.6","8,918.7","8,975.3","8,912.8","554.99M","0.30%"
"30.12.2019","8,946.0","9,004.5","9,006.4","8,909.2","483.98M","-0.67%"
"27.12.2019","9,006.6","9,049.5","9,052.0","8,987.3","443.17M","-0.17%"
"26.12.2019","9,022.4","8,970.2","9,022.5","8,968.5","394.33M","0.78%"
"24.12.2019","8,952.9","8,955.0","8,957.1","8,934.4","248.97M","0.08%"
"23.12.2019","8,945.7","8,950.2","8,956.6","8,934.5","510.23M","0.23%"
"20.12.2019","8,925.0","8,911.8","8,931.9","8,901.9","1.60B","0.42%"
"19.12.2019","8,887.2","8,839.0","8,888.1","8,839.0","629.57M","0.67%"
"18.12.2019","8,827.7","8,834.7","8,848.8","8,820.4","680.42M","0.05%"
"17.12.2019","8,823.4","8,829.5","8,832.0","8,804.6","594.89M","0.10%"
"16.12.2019","8,814.2","8,791.3","8,833.5","8,789.8","632.71M","0.91%"
"13.12.2019","8,734.9","8,713.9","8,768.9","8,697.6","543.98M","0.20%"
"12.12.2019","8,717.3","8,645.4","8,745.8","8,633.6","588.22M","0.73%"
"11.12.2019","8,654.0","8,631.1","8,658.5","8,622.3","486.22M","0.44%"
"10.12.2019","8,616.2","8,623.6","8,650.8","8,600.8","515.36M","-0.07%"
"09.12.2019","8,621.8","8,650.9","8,678.8","8,619.8","547.63M","-0.40%"
"06.12.2019","8,656.5","8,634.3","8,665.4","8,630.6","527.65M","1.00%"
"05.12.2019","8,570.7","8,587.9","8,588.9","8,541.9","536.69M","0.05%"
"04.12.2019","8,566.7","8,557.4","8,584.9","8,552.4","571.97M","0.54%"
"03.12.2019","8,520.6","8,460.7","8,524.0","8,435.4","599.92M","-0.55%"
"02.12.2019","8,568.0","8,672.8","8,672.8","8,540.2","559.26M","-1.12%"
"29.11.2019","8,665.5","8,682.0","8,697.3","8,664.0","303.12M","-0.46%"
"27.11.2019","8,705.2","8,669.6","8,705.9","8,662.6","436.37M","0.66%"
"26.11.2019","8,647.9","8,635.4","8,659.7","8,625.6","739.47M","0.18%"
"25.11.2019","8,632.5","8,559.7","8,633.2","8,559.7","575.98M","1.32%"
"22.11.2019","8,519.9","8,530.5","8,535.5","8,477.5","459.67M","0.16%"
"21.11.2019","8,506.2","8,527.9","8,530.7","8,487.3","520.65M","-0.24%"
"20.11.2019","8,526.7","8,543.6","8,578.3","8,468.6","771.51M","-0.51%"
"19.11.2019","8,570.7","8,578.0","8,589.8","8,536.7","533.69M","0.24%"
"18.11.2019","8,549.9","8,529.2","8,559.8","8,503.6","523.43M","0.11%"
"15.11.2019","8,540.8","8,524.5","8,540.8","8,506.8","588.62M","0.73%"
"14.11.2019","8,479.0","8,461.1","8,485.4","8,441.6","499.40M","-0.04%"
"13.11.2019","8,482.1","8,455.0","8,496.9","8,451.3","521.49M","-0.05%"
"12.11.2019","8,486.1","8,471.1","8,514.8","8,463.0","491.23M","0.26%"
"11.11.2019","8,464.3","8,431.3","8,467.3","8,425.5","435.56M","-0.13%"
"08.11.2019","8,475.3","8,422.7","8,475.6","8,405.9","508.33M","0.48%"
"07.11.2019","8,434.5","8,455.1","8,483.2","8,415.9","618.39M","0.28%"
"06.11.2019","8,410.6","8,426.6","8,426.6","8,379.3","584.19M","-0.29%"
"05.11.2019","8,434.7","8,446.6","8,457.4","8,421.0","559.52M","0.02%"
"04.11.2019","8,433.2","8,445.5","8,451.4","8,421.3","555.69M","0.56%"
"01.11.2019","8,386.4","8,335.0","8,386.8","8,326.6","519.42M","1.13%"
"31.10.2019","8,292.4","8,314.4","8,321.8","8,248.8","608.63M","-0.14%"
"30.10.2019","8,304.0","8,284.3","8,315.5","8,241.7","484.37M","0.33%"
"29.10.2019","8,276.8","8,313.3","8,319.3","8,275.1","468.38M","-0.59%"
"28.10.2019","8,326.0","8,285.8","8,335.6","8,285.3","488.91M","1.01%"
"25.10.2019","8,243.1","8,150.6","8,250.0","8,150.6","475.98M","0.70%"
"24.10.2019","8,185.8","8,180.0","8,187.8","8,137.7","468.72M","0.81%"
"23.10.2019","8,119.8","8,090.2","8,122.9","8,078.4","457.42M","0.19%"
"22.10.2019","8,104.3","8,188.1","8,194.6","8,102.0","463.31M","-0.72%"
"21.10.2019","8,163.0","8,137.4","8,164.1","8,117.3","482.28M","0.91%"
"18.10.2019","8,089.5","8,149.9","8,157.4","8,045.4","559.75M","-0.83%"
"17.10.2019","8,156.9","8,176.9","8,183.6","8,131.3","488.85M","0.40%"
"16.10.2019","8,124.2","8,119.8","8,146.1","8,103.4","470.30M","-0.30%"
"15.10.2019","8,148.7","8,074.9","8,166.2","8,071.8","447.40M","1.24%"
"14.10.2019","8,048.6","8,044.4","8,069.9","8,036.4","380.78M","-0.10%"
"11.10.2019","8,057.0","8,047.3","8,115.8","8,046.8","549.19M","1.34%"
"10.10.2019","7,950.8","7,904.6","7,982.9","7,899.8","451.97M","0.60%"
"09.10.2019","7,903.7","7,896.0","7,930.9","7,873.5","391.06M","1.02%"
"08.10.2019","7,823.8","7,898.3","7,921.9","7,823.7","478.69M","-1.67%"
"07.10.2019","7,956.3","7,956.4","8,013.3","7,942.1","477.67M","-0.33%"
"04.10.2019","7,982.5","7,908.4","7,986.6","7,899.4","443.55M","1.40%"
"03.10.2019","7,872.3","7,787.0","7,872.3","7,700.0","518.32M","1.12%"
"02.10.2019","7,785.2","7,851.1","7,852.7","7,745.0","629.68M","-1.56%"
"01.10.2019","7,908.7","8,026.8","8,062.5","7,906.3","541.53M","-1.13%"
"30.09.2019","7,999.3","7,964.1","8,012.2","7,949.6","510.05M","0.75%"
"27.09.2019","7,939.6","8,047.1","8,051.8","7,890.3","527.85M","-1.13%"
"26.09.2019","8,030.7","8,070.1","8,072.1","7,991.0","472.49M","-0.58%"
"25.09.2019","8,077.4","7,990.7","8,095.0","7,935.6","532.51M","1.05%"
"24.09.2019","7,993.6","8,147.2","8,158.8","7,969.6","608.62M","-1.46%"
"23.09.2019","8,112.5","8,106.5","8,135.8","8,085.3","473.44M","-0.06%"
"20.09.2019","8,117.7","8,184.9","8,202.8","8,086.2","1.52B","-0.80%"
"19.09.2019","8,182.9","8,193.6","8,237.4","8,174.3","492.92M","0.07%"
"18.09.2019","8,177.4","8,174.6","8,179.9","8,086.2","542.24M","-0.11%"
"17.09.2019","8,186.0","8,148.6","8,188.2","8,139.8","471.62M","0.40%"
"16.09.2019","8,153.5","8,121.6","8,165.3","8,121.3","483.84M","-0.28%"
"13.09.2019","8,176.7","8,190.6","8,210.2","8,165.5","495.64M","-0.22%"
"12.09.2019","8,194.5","8,206.6","8,243.8","8,176.7","557.77M","0.30%"
"11.09.2019","8,169.7","8,091.7","8,169.7","8,081.6","595.76M","1.06%"
"10.09.2019","8,084.1","8,050.0","8,086.5","8,001.7","609.35M","-0.04%"
"09.09.2019","8,087.4","8,130.9","8,131.6","8,052.4","573.75M","-0.19%"
"06.09.2019","8,103.1","8,125.6","8,134.4","8,098.5","478.40M","-0.17%"
"05.09.2019","8,116.8","8,061.3","8,134.4","8,061.3","542.83M","1.75%"
"04.09.2019","7,976.9","7,949.8","7,981.4","7,928.9","509.99M","1.30%"
"03.09.2019","7,874.2","7,906.4","7,940.4","7,847.3","512.49M","-1.11%"
"30.08.2019","7,962.9","8,015.2","8,017.9","7,914.7","467.01M","-0.13%"
"29.08.2019","7,973.4","7,945.8","7,992.3","7,925.8","434.25M","1.48%"
"28.08.2019","7,856.9","7,798.4","7,866.9","7,766.7","420.87M","0.38%"
"27.08.2019","7,827.0","7,908.8","7,916.8","7,795.2","532.80M","-0.34%"
"26.08.2019","7,853.7","7,829.6","7,856.0","7,789.0","446.37M","1.32%"
"23.08.2019","7,751.8","7,943.6","8,005.3","7,730.8","598.42M","-3.00%"
"22.08.2019","7,991.4","8,038.8","8,048.6","7,937.1","456.70M","-0.36%"
"21.08.2019","8,020.2","8,017.1","8,036.9","7,998.5","428.16M","0.90%"
"20.08.2019","7,948.6","7,989.4","8,010.6","7,948.1","452.71M","-0.68%"
"19.08.2019","8,002.8","8,006.2","8,026.8","7,974.4","500.92M","1.35%"
"16.08.2019","7,896.0","7,828.4","7,907.5","7,828.4","543.84M","1.67%"
"15.08.2019","7,766.6","7,790.2","7,805.9","7,716.5","539.47M","-0.09%"
"14.08.2019","7,773.9","7,877.3","7,900.3","7,762.9","637.26M","-3.02%"
"13.08.2019","8,016.4","7,863.4","8,065.2","7,851.6","604.20M","1.95%"
"12.08.2019","7,863.4","7,907.5","7,925.0","7,833.8","536.97M","-1.20%"
"09.08.2019","7,959.1","7,997.2","8,020.6","7,910.4","568.09M","-1.00%"
"08.08.2019","8,039.2","7,921.6","8,041.1","7,896.1","659.54M","2.24%"
"07.08.2019","7,862.8","7,747.3","7,881.4","7,702.4","615.18M","0.38%"
"06.08.2019","7,833.3","7,804.5","7,845.0","7,739.6","564.77M","1.39%"
"05.08.2019","7,726.0","7,823.3","7,836.5","7,662.9","699.01M","-3.47%"
"02.08.2019","8,004.1","8,056.4","8,068.8","7,953.7","584.30M","-1.32%"
"01.08.2019","8,111.1","8,190.6","8,311.0","8,080.5","703.64M","-0.79%"
"31.07.2019","8,175.4","8,290.8","8,299.8","8,110.0","758.73M","-1.19%"
"30.07.2019","8,273.6","8,231.8","8,295.5","8,228.0","510.52M","-0.24%"
"29.07.2019","8,293.3","8,325.1","8,325.3","8,247.4","511.48M","-0.44%"
"26.07.2019","8,330.2","8,294.3","8,339.6","8,291.1","529.37M","1.11%"
"25.07.2019","8,238.5","8,294.7","8,296.0","8,233.4","535.59M","-1.00%"
"24.07.2019","8,321.5","8,227.4","8,321.8","8,226.5","528.51M","0.85%"
"23.07.2019","8,251.4","8,242.5","8,251.8","8,193.9","474.75M","0.58%"
"22.07.2019","8,204.1","8,172.0","8,218.4","8,171.5","491.48M","0.71%"
"19.07.2019","8,146.5","8,241.3","8,245.8","8,144.6","520.02M","-0.74%"
"18.07.2019","8,207.2","8,151.8","8,215.6","8,135.1","487.19M","0.27%"
"17.07.2019","8,185.2","8,224.0","8,230.7","8,184.7","473.28M","-0.46%"
"16.07.2019","8,222.8","8,251.7","8,259.8","8,204.2","473.99M","-0.43%"
"15.07.2019","8,258.2","8,263.2","8,264.8","8,236.3","470.85M","0.17%"
"12.07.2019","8,244.1","8,209.2","8,245.7","8,201.5","500.70M","0.59%"
"11.07.2019","8,196.0","8,219.3","8,226.2","8,171.6","483.49M","-0.08%"
"10.07.2019","8,202.5","8,183.2","8,228.6","8,160.6","508.18M","0.75%"
"09.07.2019","8,141.7","8,061.4","8,147.0","8,061.3","468.36M","0.54%"
"08.07.2019","8,098.4","8,112.9","8,112.9","8,078.4","511.73M","-0.78%"
"05.07.2019","8,161.8","8,123.3","8,172.0","8,093.7","425.69M","-0.10%"
"03.07.2019","8,170.2","8,129.6","8,170.2","8,122.3","408.20M","0.75%"
"02.07.2019","8,109.1","8,086.6","8,109.4","8,063.1","488.38M","0.22%"
"01.07.2019","8,091.2","8,145.9","8,150.5","8,059.3","583.42M","1.06%"
"28.06.2019","8,006.2","7,988.8","8,010.1","7,961.5","1.76B","0.48%"
"27.06.2019","7,967.8","7,939.4","7,976.6","7,935.5","523.93M","0.73%"
"26.06.2019","7,910.0","7,933.9","7,974.3","7,903.1","537.92M","0.32%"
"25.06.2019","7,884.7","8,005.3","8,007.3","7,879.1","547.78M","-1.51%"
"24.06.2019","8,005.7","8,040.6","8,047.6","8,004.6","528.18M","-0.32%"
"21.06.2019","8,031.7","8,028.7","8,073.0","8,011.2","1.20B","-0.24%"
"20.06.2019","8,051.3","8,087.5","8,088.9","7,996.9","528.69M","0.80%"
"19.06.2019","7,987.3","7,970.3","7,998.6","7,930.4","536.80M","0.42%"
"18.06.2019","7,953.9","7,921.0","8,005.2","7,911.7","567.69M","1.39%"
"17.06.2019","7,845.0","7,819.4","7,866.0","7,812.6","502.92M","0.62%"
"14.06.2019","7,796.7","7,807.2","7,819.2","7,778.1","465.37M","-0.52%"
"13.06.2019","7,837.1","7,822.6","7,848.4","7,813.6","460.87M","0.57%"
"12.06.2019","7,792.7","7,803.1","7,819.2","7,774.0","481.74M","-0.38%"
"11.06.2019","7,822.6","7,901.0","7,910.0","7,798.6","534.58M","-0.01%"
"10.06.2019","7,823.2","7,798.9","7,895.4","7,795.8","522.20M","1.05%"
"07.06.2019","7,742.1","7,653.0","7,767.0","7,647.9","516.84M","1.66%"
"06.06.2019","7,615.5","7,582.2","7,634.1","7,546.2","542.41M","0.53%"
"05.06.2019","7,575.5","7,585.7","7,589.5","7,498.2","537.32M","0.64%"
"04.06.2019","7,527.1","7,413.9","7,529.5","7,385.0","619.53M","2.65%"
"03.06.2019","7,333.0","7,441.2","7,457.7","7,292.2","658.41M","-1.61%"
"31.05.2019","7,453.1","7,471.0","7,506.9","7,448.2","590.43M","-1.51%"
"30.05.2019","7,567.7","7,565.5","7,595.9","7,527.7","454.61M","0.27%"
"29.05.2019","7,547.3","7,553.0","7,581.1","7,503.9","579.48M","-0.79%"
"28.05.2019","7,607.4","7,655.7","7,693.7","7,603.8","785.60M","-0.39%"
"24.05.2019","7,637.0","7,675.6","7,694.1","7,631.3","422.81M","0.11%"
"23.05.2019","7,628.3","7,660.7","7,665.1","7,585.3","597.20M","-1.58%"
"22.05.2019","7,750.8","7,749.8","7,786.3","7,738.4","466.48M","-0.45%"
"21.05.2019","7,785.7","7,765.6","7,804.4","7,752.9","500.28M","1.08%"
"20.05.2019","7,702.4","7,714.1","7,747.3","7,678.4","551.65M","-1.46%"
"17.05.2019","7,816.3","7,829.0","7,918.7","7,810.4","579.07M","-1.04%"
"16.05.2019","7,898.0","7,832.6","7,946.2","7,826.7","532.35M","0.97%"
"15.05.2019","7,822.1","7,682.8","7,838.7","7,682.2","503.47M","1.13%"
"14.05.2019","7,734.5","7,689.7","7,776.2","7,665.3","525.13M","1.14%"
"13.05.2019","7,647.0","7,720.1","7,760.8","7,627.2","650.13M","-3.41%"
"10.05.2019","7,916.9","7,881.3","7,949.3","7,759.3","587.10M","0.08%"
"09.05.2019","7,910.6","7,853.2","7,929.8","7,796.2","620.65M","-0.41%"
"08.05.2019","7,943.3","7,946.2","8,004.5","7,923.4","558.26M","-0.26%"
"07.05.2019","7,963.8","8,043.5","8,071.0","7,899.0","617.48M","-1.96%"
"06.05.2019","8,123.3","7,981.9","8,135.5","7,981.9","518.37M","-0.50%"
"03.05.2019","8,164.0","8,092.9","8,164.7","8,084.8","524.43M","1.58%"
"02.05.2019","8,036.8","8,046.5","8,094.1","7,976.8","540.17M","-0.16%"
"01.05.2019","8,049.6","8,132.9","8,146.0","8,048.2","578.26M","-0.57%"
"30.04.2019","8,095.4","8,104.9","8,124.6","8,050.5","582.27M","-0.81%"
"29.04.2019","8,161.9","8,147.6","8,176.1","8,136.4","446.01M","0.19%"
"26.04.2019","8,146.4","8,100.3","8,146.4","8,060.9","504.72M","0.34%"
"25.04.2019","8,118.7","8,150.9","8,151.9","8,075.4","534.96M","0.21%"
"24.04.2019","8,102.0","8,122.9","8,139.5","8,101.7","506.59M","-0.23%"
"23.04.2019","8,120.8","8,026.7","8,128.9","8,023.8","513.60M","1.32%"
"22.04.2019","8,015.3","7,969.4","8,017.1","7,965.9","445.01M","0.22%"
"18.04.2019","7,998.1","7,998.4","8,002.3","7,951.0","561.24M","0.02%"
"17.04.2019","7,996.1","8,045.0","8,052.4","7,973.4","569.99M","-0.05%"
"16.04.2019","8,000.2","8,000.6","8,017.6","7,978.8","504.80M","0.30%"
"15.04.2019","7,976.0","7,987.2","7,993.3","7,933.6","439.60M","-0.10%"
"12.04.2019","7,984.2","7,984.1","7,992.1","7,952.6","470.31M","0.46%"
"11.04.2019","7,947.4","7,975.2","7,975.2","7,933.4","464.50M","-0.21%"
"10.04.2019","7,964.2","7,922.7","7,965.3","7,916.9","500.46M","0.69%"
"09.04.2019","7,909.3","7,924.8","7,945.5","7,897.6","492.39M","-0.56%"
"08.04.2019","7,953.9","7,924.9","7,955.9","7,891.9","500.60M","0.19%"
"05.04.2019","7,938.7","7,914.5","7,940.5","7,909.1","526.60M","0.59%"
"04.04.2019","7,891.8","7,894.3","7,917.6","7,845.0","520.12M","-0.05%"
"03.04.2019","7,895.5","7,891.2","7,938.3","7,870.9","618.18M","0.60%"
"02.04.2019","7,848.7","7,824.6","7,854.9","7,811.3","516.21M","0.25%"
"01.04.2019","7,828.9","7,800.2","7,831.5","7,777.1","533.38M","1.29%"
"29.03.2019","7,729.3","7,726.7","7,733.6","7,688.5","654.73M","0.78%"
"28.03.2019","7,669.2","7,660.1","7,689.2","7,619.8","481.24M","0.34%"
"27.03.2019","7,643.4","7,702.0","7,712.8","7,582.1","553.67M","-0.63%"
"26.03.2019","7,691.5","7,700.0","7,738.2","7,649.2","516.86M","0.71%"
"25.03.2019","7,637.5","7,619.0","7,662.4","7,579.3","516.09M","-0.07%"
"22.03.2019","7,642.7","7,800.3","7,817.8","7,642.6","622.74M","-2.50%"
"21.03.2019","7,839.0","7,705.4","7,850.1","7,705.4","634.29M","1.42%"
"20.03.2019","7,729.0","7,722.0","7,779.2","7,674.0","584.52M","0.06%"
"19.03.2019","7,724.0","7,747.4","7,767.9","7,699.1","632.44M","0.12%"
"18.03.2019","7,714.5","7,696.4","7,737.7","7,677.7","595.69M","0.34%"
"15.03.2019","7,688.5","7,658.4","7,715.0","7,652.0","1.43B","0.76%"
"14.03.2019","7,630.9","7,644.8","7,653.1","7,627.0","590.48M","-0.16%"
"13.03.2019","7,643.4","7,621.4","7,677.1","7,619.5","619.49M","0.69%"
"12.03.2019","7,591.0","7,571.9","7,611.1","7,560.5","543.48M","0.44%"
"11.03.2019","7,558.1","7,442.6","7,558.2","7,442.4","557.76M","2.02%"
"08.03.2019","7,408.1","7,334.4","7,411.5","7,332.9","559.33M","-0.18%"
"07.03.2019","7,421.5","7,483.8","7,489.1","7,397.2","599.91M","-1.13%"
"06.03.2019","7,505.9","7,575.4","7,579.0","7,499.9","558.83M","-0.93%"
"05.03.2019","7,576.4","7,582.3","7,598.7","7,543.5","537.99M","-0.02%"
"04.03.2019","7,577.6","7,636.6","7,643.7","7,501.6","643.15M","-0.23%"
"01.03.2019","7,595.4","7,587.5","7,603.0","7,540.8","611.93M","0.83%"
"28.02.2019","7,532.5","7,533.3","7,561.9","7,516.5","735.11M","-0.29%"
"27.02.2019","7,554.5","7,526.4","7,562.3","7,485.4","584.52M","0.07%"
"26.02.2019","7,549.3","7,535.3","7,573.2","7,524.3","597.66M","-0.07%"
"25.02.2019","7,554.5","7,585.3","7,602.7","7,551.6","597.61M","0.36%"
"22.02.2019","7,527.5","7,481.6","7,527.5","7,479.0","595.34M","0.91%"
"21.02.2019","7,459.7","7,475.4","7,485.8","7,430.9","513.67M","-0.39%"
"20.02.2019","7,489.1","7,490.3","7,513.7","7,455.3","548.58M","0.03%"
"19.02.2019","7,486.8","7,450.8","7,507.8","7,450.3","524.36M","0.19%"
"15.02.2019","7,472.4","7,468.6","7,477.3","7,440.3","606.68M","0.61%"
"14.02.2019","7,427.0","7,390.3","7,454.4","7,375.7","529.29M","0.09%"
"13.02.2019","7,420.4","7,437.5","7,461.7","7,413.8","503.43M","0.08%"
"12.02.2019","7,414.6","7,358.9","7,419.4","7,349.8","515.00M","1.46%"
"11.02.2019","7,307.9","7,327.4","7,343.6","7,290.0","480.65M","0.13%"
"08.02.2019","7,298.2","7,232.3","7,299.4","7,225.1","514.65M","0.14%"
"07.02.2019","7,288.4","7,316.5","7,336.7","7,235.0","568.69M","-1.18%"
"06.02.2019","7,375.3","7,400.4","7,410.8","7,346.7","532.51M","-0.36%"
"05.02.2019","7,402.1","7,356.3","7,408.7","7,355.4","551.12M","0.74%"
"04.02.2019","7,347.5","7,266.3","7,348.2","7,261.1","498.43M","1.15%"
"01.02.2019","7,263.9","7,256.4","7,299.9","7,243.4","639.92M","-0.25%"
"31.01.2019","7,281.7","7,208.2","7,303.1","7,205.9","769.26M","1.37%"
"30.01.2019","7,183.1","7,094.8","7,201.3","7,065.6","610.50M","2.20%"
"29.01.2019","7,028.3","7,087.5","7,092.3","7,011.5","498.85M","-0.81%"
"28.01.2019","7,085.7","7,075.0","7,086.3","7,034.3","582.85M","-1.10%"
"25.01.2019","7,164.9","7,128.2","7,174.6","7,111.1","592.67M","1.29%"
"24.01.2019","7,073.5","7,042.3","7,079.0","7,030.0","574.84M","0.68%"
"23.01.2019","7,025.8","7,061.6","7,084.9","6,953.2","553.19M","0.08%"
"22.01.2019","7,020.4","7,109.6","7,110.2","6,979.8","627.08M","-1.91%"
"18.01.2019","7,157.2","7,134.1","7,185.4","7,096.6","632.26M","1.03%"
"17.01.2019","7,084.5","7,010.1","7,114.0","7,003.6","518.86M","0.71%"
"16.01.2019","7,034.7","7,033.8","7,079.6","7,028.1","511.90M","0.15%"
"15.01.2019","7,023.8","6,931.4","7,025.9","6,928.1","494.72M","1.71%"
"14.01.2019","6,905.9","6,908.0","6,936.2","6,887.5","491.73M","-0.94%"
"11.01.2019","6,971.5","6,947.5","6,975.6","6,933.6","499.27M","-0.21%"
"10.01.2019","6,986.1","6,908.6","6,991.4","6,877.1","532.02M","0.42%"
"09.01.2019","6,957.1","6,923.1","6,985.2","6,899.6","577.67M","0.87%"
"08.01.2019","6,897.0","6,893.4","6,909.6","6,795.9","599.42M","1.08%"
"07.01.2019","6,823.5","6,757.5","6,855.6","6,741.4","623.29M","1.26%"
"04.01.2019","6,738.9","6,567.1","6,760.7","6,554.2","688.19M","4.26%"
"03.01.2019","6,463.5","6,584.8","6,600.2","6,457.1","667.44M","-3.04%"
"02.01.2019","6,665.9","6,506.9","6,693.7","6,506.9","581.37M","0.46%"
"31.12.2018","6,635.3","6,649.5","6,660.0","6,570.1","582.10M","0.77%"
"28.12.2018","6,584.5","6,616.8","6,684.2","6,529.2","526.28M","0.08%"
"27.12.2018","6,579.5","6,457.2","6,583.0","6,337.0","628.65M","0.38%"
"26.12.2018","6,554.4","6,257.9","6,555.5","6,214.3","660.27M","5.84%"
"24.12.2018","6,192.9","6,278.5","6,355.2","6,190.2","405.62M","-2.21%"
"21.12.2018","6,333.0","6,573.5","6,586.7","6,304.6","1.84B","-2.99%"
"20.12.2018","6,528.4","6,607.8","6,666.2","6,447.9","813.45M","-1.63%"
"19.12.2018","6,636.8","6,777.6","6,868.9","6,586.5","746.36M","-2.17%"
"18.12.2018","6,783.9","6,809.8","6,847.3","6,733.7","662.80M","0.45%"
"17.12.2018","6,753.7","6,886.5","6,931.8","6,710.0","690.84M","-2.27%"
"14.12.2018","6,910.7","6,986.4","7,027.2","6,899.0","564.08M","-2.26%"
"13.12.2018","7,070.3","7,135.3","7,154.6","7,034.8","525.89M","-0.39%"
"12.12.2018","7,098.3","7,127.0","7,197.3","7,096.6","600.53M","0.95%"
"11.12.2018","7,031.8","7,121.6","7,129.8","6,983.0","535.38M","0.16%"
"10.12.2018","7,020.5","6,959.6","7,047.6","6,879.0","587.31M","0.74%"
"07.12.2018","6,969.3","7,163.5","7,205.4","6,945.3","635.82M","-3.05%"
"06.12.2018","7,188.3","7,017.0","7,189.5","6,984.3","727.61M","0.42%"
"04.12.2018","7,158.4","7,408.0","7,421.1","7,150.1","695.88M","-3.80%"
"03.12.2018","7,441.5","7,486.1","7,486.5","7,392.2","695.88M","1.51%"
"30.11.2018","7,330.5","7,279.3","7,332.8","7,255.7","862.98M","0.79%"
"29.11.2018","7,273.1","7,267.4","7,320.0","7,217.7","486.98M","-0.25%"
"28.11.2018","7,291.6","7,135.1","7,292.7","7,091.0","600.77M","2.95%"
"27.11.2018","7,082.7","7,041.2","7,105.1","7,014.4","520.41M","0.01%"
"26.11.2018","7,081.9","7,026.5","7,083.9","7,003.1","513.76M","2.06%"
"23.11.2018","6,939.0","6,919.5","6,987.9","6,919.2","272.71M","-0.48%"
"21.11.2018","6,972.3","6,985.5","7,029.9","6,951.6","482.97M","0.92%"
"20.11.2018","6,908.8","6,867.4","6,994.8","6,830.8","667.77M","-1.70%"
"19.11.2018","7,028.5","7,217.2","7,224.1","7,011.4","627.83M","-3.03%"
"16.11.2018","7,247.9","7,193.6","7,274.9","7,171.7","697.93M","-0.15%"
"15.11.2018","7,259.0","7,112.8","7,274.3","7,072.4","646.33M","1.72%"
"14.11.2018","7,136.4","7,265.4","7,285.6","7,101.2","630.16M","-0.90%"
"13.11.2018","7,200.9","7,230.7","7,319.1","7,182.9","594.98M","0.00%"
"12.11.2018","7,200.9","7,364.0","7,371.1","7,193.8","596.55M","-2.78%"
"09.11.2018","7,406.9","7,468.5","7,474.3","7,349.5","612.79M","-1.65%"
"08.11.2018","7,530.9","7,544.2","7,566.9","7,499.7","599.94M","-0.53%"
"07.11.2018","7,570.8","7,446.1","7,572.9","7,435.9","641.10M","2.64%"
"06.11.2018","7,376.0","7,326.1","7,400.6","7,320.9","554.21M","0.64%"
"05.11.2018","7,328.9","7,344.1","7,349.2","7,255.9","562.30M","-0.38%"
"02.11.2018","7,357.0","7,424.0","7,466.5","7,298.7","713.26M","-1.04%"
"01.11.2018","7,434.1","7,327.8","7,435.9","7,286.5","684.15M","1.75%"
"31.10.2018","7,305.9","7,276.6","7,368.5","7,270.6","761.54M","2.01%"
"30.10.2018","7,161.6","7,017.9","7,166.8","7,001.5","675.85M","1.58%"
"29.10.2018","7,050.3","7,272.4","7,295.6","6,922.8","692.71M","-1.63%"
"26.10.2018","7,167.2","7,125.2","7,283.3","7,057.0","719.21M","-2.07%"
"25.10.2018","7,318.3","7,197.5","7,364.8","7,178.5","683.41M","2.95%"
"24.10.2018","7,108.4","7,423.2","7,435.7","7,099.0","719.97M","-4.43%"
"23.10.2018","7,437.5","7,328.5","7,472.6","7,260.1","666.07M","-0.42%"
"22.10.2018","7,468.6","7,486.7","7,520.5","7,424.7","546.42M","0.26%"
"19.10.2018","7,449.0","7,530.1","7,582.9","7,428.3","633.90M","-0.48%"
"18.10.2018","7,485.1","7,616.5","7,616.9","7,452.5","591.76M","-2.06%"
"17.10.2018","7,642.7","7,669.3","7,670.5","7,563.1","546.26M","-0.04%"
"16.10.2018","7,645.5","7,501.8","7,658.1","7,493.4","604.95M","2.89%"
"15.10.2018","7,430.7","7,473.3","7,500.9","7,400.1","515.72M","-0.88%"
"12.10.2018","7,496.9","7,507.8","7,516.7","7,368.3","655.73M","2.29%"
"11.10.2018","7,329.1","7,388.1","7,493.2","7,274.0","760.28M","-1.25%"
"10.10.2018","7,422.0","7,694.1","7,701.2","7,420.6","758.01M","-4.08%"
"09.10.2018","7,738.0","7,728.5","7,799.8","7,719.0","562.09M","0.03%"
"08.10.2018","7,736.0","7,747.1","7,797.3","7,654.8","551.10M","-0.67%"
"05.10.2018","7,788.5","7,874.8","7,902.7","7,716.0","624.60M","-1.16%"
"04.10.2018","7,879.5","7,993.3","7,997.2","7,833.2","764.99M","-1.81%"
"03.10.2018","8,025.1","8,034.6","8,053.9","8,012.0","693.99M","0.32%"
"02.10.2018","7,999.5","8,024.5","8,054.1","7,984.0","559.02M","-0.47%"
"01.10.2018","8,037.3","8,091.5","8,107.4","8,019.8","543.43M","-0.11%"
"28.09.2018","8,046.4","8,024.5","8,065.1","8,015.9","603.13M","0.05%"
"27.09.2018","8,042.0","8,021.2","8,071.6","8,017.9","484.63M","0.65%"
"26.09.2018","7,990.4","8,011.7","8,067.0","7,982.8","522.53M","-0.21%"
"25.09.2018","8,007.5","8,001.6","8,014.1","7,979.3","541.53M","0.18%"
"24.09.2018","7,993.3","7,939.4","7,997.9","7,912.5","584.17M","0.08%"
"21.09.2018","7,987.0","8,041.7","8,057.3","7,979.7","1.61B","-0.51%"
"20.09.2018","8,028.2","7,993.5","8,039.1","7,986.4","534.96M","0.98%"
"19.09.2018","7,950.0","7,962.5","7,976.1","7,917.7","494.99M","-0.08%"
"18.09.2018","7,956.1","7,903.6","7,986.1","7,901.0","521.30M","0.76%"
"17.09.2018","7,895.8","7,992.2","8,002.8","7,890.1","565.45M","-1.43%"
"14.09.2018","8,010.0","8,026.2","8,040.8","7,979.8","487.34M","-0.05%"
"13.09.2018","8,013.7","7,999.9","8,037.5","7,989.9","522.07M","0.75%"
"12.09.2018","7,954.2","7,958.9","7,965.4","7,884.0","536.24M","-0.23%"
"11.09.2018","7,972.5","7,894.9","7,986.3","7,880.9","500.45M","0.61%"
"10.09.2018","7,924.2","7,939.6","7,945.0","7,890.4","477.69M","0.27%"
"07.09.2018","7,902.5","7,878.8","7,962.5","7,873.9","498.04M","-0.25%"
"06.09.2018","7,922.7","7,998.3","8,002.0","7,885.5","539.13M","-0.91%"
"05.09.2018","7,995.2","8,073.5","8,077.8","7,962.4","608.42M","-1.19%"
"04.09.2018","8,091.3","8,088.0","8,104.1","8,042.1","516.56M","-0.23%"
"31.08.2018","8,109.5","8,079.3","8,119.8","8,079.3","487.91M","0.26%"
"30.08.2018","8,088.4","8,094.2","8,133.3","8,069.6","441.39M","-0.26%"
"29.08.2018","8,109.7","8,044.3","8,113.6","8,042.1","428.41M","0.99%"
"28.08.2018","8,030.0","8,039.0","8,046.3","8,009.6","453.27M","0.15%"
"27.08.2018","8,017.9","7,989.6","8,024.9","7,976.6","511.44M","0.91%"
"24.08.2018","7,946.0","7,907.8","7,949.7","7,907.1","437.25M","0.86%"
"23.08.2018","7,878.5","7,886.5","7,926.3","7,866.5","428.23M","-0.13%"
"22.08.2018","7,889.1","7,844.0","7,897.6","7,840.8","383.82M","0.38%"
"21.08.2018","7,859.2","7,840.1","7,897.7","7,836.8","427.06M","0.49%"
"20.08.2018","7,821.0","7,834.4","7,837.1","7,787.9","411.86M","0.06%"
"17.08.2018","7,816.3","7,786.6","7,830.8","7,752.7","481.16M","0.13%"
"16.08.2018","7,806.5","7,827.0","7,849.7","7,795.7","468.96M","0.42%"
"15.08.2018","7,774.1","7,810.0","7,832.7","7,732.7","535.19M","-1.23%"
"14.08.2018","7,870.9","7,847.9","7,878.2","7,815.5","451.62M","0.65%"
"13.08.2018","7,819.7","7,848.0","7,888.7","7,814.3","433.65M","-0.25%"
"10.08.2018","7,839.1","7,834.7","7,866.2","7,818.4","485.57M","-0.67%"
"09.08.2018","7,891.8","7,886.5","7,923.4","7,881.1","451.62M","0.04%"
"08.08.2018","7,888.3","7,880.0","7,901.7","7,864.5","474.70M","0.06%"
"07.08.2018","7,883.7","7,878.6","7,898.2","7,868.6","514.39M","0.31%"
"06.08.2018","7,859.7","7,809.5","7,859.7","7,801.9","493.69M","0.61%"
"03.08.2018","7,812.0","7,819.2","7,824.1","7,783.3","477.35M","0.12%"
"02.08.2018","7,802.7","7,659.5","7,808.9","7,659.5","491.31M","1.24%"
"01.08.2018","7,707.3","7,701.8","7,732.7","7,670.7","531.48M","0.46%"
"31.07.2018","7,671.8","7,654.6","7,709.5","7,614.8","566.03M","0.55%"
"30.07.2018","7,630.0","7,735.3","7,740.3","7,604.2","503.87M","-1.39%"
"27.07.2018","7,737.4","7,889.8","7,889.8","7,699.0","520.00M","-1.46%"
"26.07.2018","7,852.2","7,848.0","7,881.3","7,834.1","521.68M","-1.01%"
"25.07.2018","7,932.2","7,839.1","7,933.3","7,838.8","465.42M","1.17%"
"24.07.2018","7,840.8","7,914.4","7,928.8","7,814.3","470.76M","-0.01%"
"23.07.2018","7,841.9","7,806.9","7,846.8","7,776.5","395.31M","0.28%"
"20.07.2018","7,820.2","7,843.1","7,860.3","7,815.9","464.63M","-0.07%"
"19.07.2018","7,825.3","7,829.8","7,849.9","7,811.1","434.39M","-0.37%"
"18.07.2018","7,854.4","7,859.4","7,863.8","7,822.8","437.89M","-0.01%"
"17.07.2018","7,855.1","7,752.0","7,867.1","7,749.6","406.40M","0.63%"
"16.07.2018","7,805.7","7,831.7","7,838.8","7,792.0","429.29M","-0.26%"
"13.07.2018","7,826.0","7,827.6","7,843.5","7,803.3","413.13M","0.03%"
"12.07.2018","7,823.9","7,752.7","7,825.7","7,746.8","453.33M","1.39%"
"11.07.2018","7,716.6","7,698.5","7,748.2","7,696.6","420.72M","-0.55%"
"10.07.2018","7,759.2","7,770.6","7,777.5","7,732.0","419.19M","0.04%"
"09.07.2018","7,756.2","7,731.7","7,757.3","7,702.1","453.76M","0.88%"
"06.07.2018","7,688.4","7,595.9","7,695.8","7,588.6","431.50M","1.34%"
"05.07.2018","7,586.4","7,550.6","7,589.2","7,511.4","471.53M","1.12%"
"03.07.2018","7,502.7","7,593.6","7,594.3","7,498.5","298.41M","-0.86%"
"02.07.2018","7,567.7","7,451.9","7,568.1","7,443.1","447.15M","0.76%"
"29.06.2018","7,510.3","7,544.1","7,573.6","7,503.0","634.63M","0.09%"
"28.06.2018","7,503.7","7,438.1","7,526.1","7,419.6","512.33M","0.79%"
"27.06.2018","7,445.1","7,586.3","7,610.7","7,444.2","537.35M","-1.54%"
"26.06.2018","7,561.6","7,553.7","7,597.5","7,527.0","496.22M","0.39%"
"25.06.2018","7,532.0","7,631.1","7,639.7","7,477.7","595.36M","-2.09%"
"22.06.2018","7,692.8","7,739.7","7,739.7","7,679.1","1.67B","-0.26%"
"21.06.2018","7,713.0","7,800.3","7,803.5","7,699.2","549.36M","-0.88%"
"20.06.2018","7,781.5","7,764.1","7,806.6","7,755.5","513.78M","0.72%"
"19.06.2018","7,725.6","7,658.5","7,727.4","7,635.7","577.30M","-0.28%"
"18.06.2018","7,747.0","7,693.0","7,749.4","7,676.8","522.21M","0.01%"
"15.06.2018","7,746.4","7,725.0","7,755.7","7,704.3","1.22B","-0.19%"
"14.06.2018","7,761.0","7,723.5","7,768.6","7,723.5","532.09M","0.85%"
"13.06.2018","7,695.7","7,713.9","7,749.0","7,686.6","552.68M","-0.11%"
"12.06.2018","7,703.8","7,673.9","7,708.3","7,669.5","474.86M","0.57%"
"11.06.2018","7,659.9","7,647.2","7,677.3","7,642.9","451.37M","0.19%"
"08.06.2018","7,645.5","7,607.7","7,653.6","7,595.1","467.61M","0.14%"
"07.06.2018","7,635.1","7,697.4","7,697.4","7,597.7","505.79M","-0.70%"
"06.06.2018","7,689.2","7,652.8","7,691.6","7,622.3","502.98M","0.67%"
"05.06.2018","7,637.9","7,621.4","7,644.5","7,602.4","480.10M","0.41%"
"04.06.2018","7,606.5","7,570.1","7,607.2","7,561.2","527.78M","0.69%"
"01.06.2018","7,554.3","7,487.7","7,557.4","7,487.2","523.74M","1.51%"
"31.05.2018","7,442.1","7,455.6","7,492.4","7,431.4","724.94M","-0.27%"
"30.05.2018","7,462.5","7,428.4","7,473.8","7,423.7","487.10M","0.89%"
"29.05.2018","7,396.6","7,398.5","7,435.1","7,354.3","479.26M","-0.50%"
"25.05.2018","7,433.9","7,422.2","7,452.9","7,415.6","386.02M","0.13%"
"24.05.2018","7,424.4","7,422.0","7,435.4","7,357.5","428.96M","-0.02%"
"23.05.2018","7,426.0","7,335.0","7,426.8","7,334.6","445.08M","0.64%"
"22.05.2018","7,378.5","7,420.9","7,432.5","7,370.3","434.48M","-0.21%"
"21.05.2018","7,394.0","7,406.3","7,431.8","7,368.2","443.54M","0.54%"
"18.05.2018","7,354.3","7,364.3","7,381.2","7,344.0","484.55M","-0.38%"
"17.05.2018","7,382.5","7,379.6","7,425.4","7,350.5","416.15M","-0.21%"
"16.05.2018","7,398.3","7,356.2","7,413.3","7,356.2","474.87M","0.63%"
"15.05.2018","7,351.6","7,361.3","7,363.5","7,321.0","493.49M","-0.81%"
"14.05.2018","7,411.3","7,429.5","7,458.4","7,401.9","489.17M","0.11%"
"11.05.2018","7,402.9","7,394.0","7,417.7","7,372.3","484.84M","-0.03%"
"10.05.2018","7,405.0","7,355.9","7,414.1","7,353.6","490.34M","0.89%"
"09.05.2018","7,339.9","7,281.5","7,344.8","7,259.0","521.10M","1.00%"
"08.05.2018","7,266.9","7,255.3","7,278.8","7,224.7","501.79M","0.02%"
"07.05.2018","7,265.2","7,241.8","7,291.7","7,235.8","465.63M","0.77%"
"04.05.2018","7,209.6","7,065.7","7,228.3","7,057.9","490.02M","1.71%"
"03.05.2018","7,088.1","7,065.0","7,112.6","6,991.1","525.37M","-0.18%"
"02.05.2018","7,100.9","7,138.5","7,169.5","7,094.7","508.02M","-0.42%"
"01.05.2018","7,130.7","7,053.6","7,133.3","7,036.2","461.10M","0.91%"
"30.04.2018","7,066.3","7,134.0","7,169.8","7,065.4","510.26M","-0.75%"
"27.04.2018","7,119.8","7,195.5","7,197.1","7,084.0","468.93M","0.02%"
"26.04.2018","7,118.7","7,080.5","7,143.9","7,055.7","486.82M","1.64%"
"25.04.2018","7,003.7","7,010.0","7,030.7","6,927.0","459.97M","-0.05%"
"24.04.2018","7,007.4","7,160.8","7,171.7","6,961.5","512.28M","-1.70%"
"23.04.2018","7,128.6","7,174.0","7,195.7","7,094.4","421.04M","-0.25%"
"20.04.2018","7,146.1","7,220.6","7,223.0","7,123.5","503.76M","-1.27%"
"19.04.2018","7,238.1","7,258.6","7,277.5","7,215.2","447.93M","-0.78%"
"18.04.2018","7,295.2","7,292.4","7,319.6","7,259.9","431.37M","0.19%"
"17.04.2018","7,281.1","7,215.1","7,298.6","7,206.5","440.91M","1.74%"
"16.04.2018","7,156.3","7,153.9","7,178.5","7,115.9","426.93M","0.70%"
"13.04.2018","7,106.6","7,179.6","7,183.6","7,078.1","406.69M","-0.47%"
"12.04.2018","7,140.3","7,112.0","7,166.0","7,105.1","449.39M","1.01%"
"11.04.2018","7,069.0","7,055.0","7,128.5","7,055.0","407.70M","-0.36%"
"10.04.2018","7,094.3","7,061.0","7,118.0","7,014.9","532.61M","2.07%"
"09.04.2018","6,950.3","6,971.4","7,075.0","6,945.0","494.55M","0.51%"
"06.04.2018","6,915.1","6,999.6","7,066.6","6,877.8","564.29M","-2.28%"
"05.04.2018","7,076.5","7,099.3","7,112.4","7,036.6","493.98M","0.49%"
"04.04.2018","7,042.1","6,811.8","7,059.3","6,811.8","543.64M","1.45%"
"03.04.2018","6,941.3","6,924.4","6,963.7","6,835.2","565.72M","1.04%"
"02.04.2018","6,870.1","7,016.2","7,044.7","6,806.0","586.47M","-2.74%"
"29.03.2018","7,063.4","6,984.6","7,120.5","6,935.8","683.33M","1.64%"
"28.03.2018","6,949.2","6,978.3","7,036.1","6,901.1","589.91M","-0.85%"
"27.03.2018","7,008.8","7,255.5","7,255.5","6,963.7","567.57M","-2.93%"
"26.03.2018","7,220.5","7,125.2","7,225.8","7,022.3","575.54M","3.26%"
"23.03.2018","6,992.7","7,170.7","7,194.3","6,992.7","589.29M","-2.43%"
"22.03.2018","7,166.7","7,257.5","7,303.2","7,164.4","559.16M","-2.43%"
"21.03.2018","7,345.3","7,347.5","7,415.7","7,325.4","465.54M","-0.26%"
"20.03.2018","7,364.3","7,353.3","7,380.7","7,331.2","486.46M","0.27%"
"19.03.2018","7,344.2","7,419.2","7,421.2","7,285.3","574.52M","-1.84%"
"16.03.2018","7,482.0","7,504.4","7,514.2","7,473.7","1.26B","0.00%"
"15.03.2018","7,481.7","7,509.2","7,525.4","7,463.2","488.94M","-0.20%"
"14.03.2018","7,496.8","7,539.8","7,544.9","7,473.9","516.22M","-0.19%"
"13.03.2018","7,511.0","7,627.5","7,637.3","7,493.0","582.40M","-1.02%"
"12.03.2018","7,588.3","7,581.0","7,609.1","7,563.4","537.02M","0.36%"
"09.03.2018","7,560.8","7,476.0","7,560.8","7,469.0","560.83M","1.79%"
"08.03.2018","7,428.0","7,422.8","7,435.0","7,391.5","532.54M","0.42%"
"07.03.2018","7,396.6","7,311.7","7,403.8","7,311.7","548.70M","0.33%"
"06.03.2018","7,372.0","7,366.6","7,378.0","7,319.7","544.06M","0.56%"
"05.03.2018","7,330.7","7,222.9","7,350.1","7,205.3","508.64M","1.00%"
"02.03.2018","7,257.9","7,099.5","7,267.2","7,084.8","562.03M","1.08%"
"01.03.2018","7,180.6","7,274.8","7,307.9","7,117.7","593.82M","-1.27%"
"28.02.2018","7,273.0","7,371.4","7,386.8","7,273.0","603.59M","-0.78%"
"27.02.2018","7,330.4","7,416.2","7,438.1","7,330.4","530.42M","-1.23%"
"26.02.2018","7,421.5","7,373.3","7,421.9","7,360.3","448.97M","1.15%"
"23.02.2018","7,337.4","7,261.4","7,337.8","7,232.5","445.46M","1.77%"
"22.02.2018","7,210.1","7,252.5","7,280.9","7,194.8","465.45M","-0.11%"
"21.02.2018","7,218.2","7,258.5","7,338.6","7,218.1","475.70M","-0.22%"
"20.02.2018","7,234.3","7,209.0","7,296.0","7,206.0","489.83M","-0.07%"
"16.02.2018","7,239.5","7,236.5","7,303.3","7,226.4","515.06M","-0.23%"
"15.02.2018","7,256.4","7,200.8","7,256.9","7,130.4","508.64M","1.58%"
"14.02.2018","7,143.6","6,979.2","7,152.0","6,977.1","545.97M","1.85%"
"13.02.2018","7,013.5","6,942.2","7,025.7","6,938.2","441.58M","0.45%"
"12.02.2018","6,982.0","6,936.7","7,023.6","6,879.7","580.70M","1.56%"
"09.02.2018","6,874.5","6,863.3","6,917.0","6,630.7","794.77M","1.44%"
"08.02.2018","6,777.2","7,067.3","7,074.0","6,776.8","672.31M","-3.90%"
"07.02.2018","7,052.0","7,086.2","7,170.3","7,051.5","579.22M","-0.90%"
"06.02.2018","7,115.9","6,837.6","7,126.5","6,824.8","789.88M","2.13%"
"05.02.2018","6,967.5","7,166.0","7,277.4","6,967.5","760.52M","-3.78%"
"02.02.2018","7,241.0","7,347.6","7,364.4","7,238.2","618.43M","-1.96%"
"01.02.2018","7,385.9","7,377.2","7,441.1","7,362.3","538.73M","-0.35%"
"31.01.2018","7,411.5","7,443.3","7,454.0","7,381.1","611.53M","0.12%"
"30.01.2018","7,402.5","7,388.9","7,433.6","7,374.0","505.85M","-0.86%"
"29.01.2018","7,466.5","7,484.5","7,500.6","7,455.5","486.38M","-0.52%"
"26.01.2018","7,505.8","7,448.3","7,505.8","7,431.2","485.12M","1.28%"
"25.01.2018","7,411.2","7,457.9","7,458.5","7,388.6","464.67M","-0.05%"
"24.01.2018","7,415.1","7,474.2","7,486.3","7,376.8","520.52M","-0.61%"
"23.01.2018","7,460.3","7,425.0","7,465.4","7,423.2","472.92M","0.71%"
"22.01.2018","7,408.0","7,338.0","7,408.0","7,332.8","501.22M","0.98%"
"19.01.2018","7,336.4","7,312.0","7,336.4","7,297.3","510.98M","0.55%"
"18.01.2018","7,296.0","7,293.6","7,313.9","7,276.1","463.52M","-0.03%"
"17.01.2018","7,298.3","7,257.8","7,309.4","7,229.3","518.58M","1.03%"
"16.01.2018","7,223.7","7,307.2","7,330.3","7,205.9","577.49M","-0.51%"
"12.01.2018","7,261.1","7,208.2","7,265.3","7,205.2","464.78M","0.68%"
"11.01.2018","7,211.8","7,168.7","7,211.8","7,163.2","456.81M","0.81%"
"10.01.2018","7,153.6","7,129.8","7,154.2","7,111.5","457.15M","-0.14%"
"09.01.2018","7,163.6","7,174.2","7,181.1","7,148.3","491.70M","0.09%"
"08.01.2018","7,157.4","7,135.4","7,161.4","7,124.1","497.21M","0.29%"
"05.01.2018","7,136.6","7,105.7","7,137.0","7,097.1","476.41M","0.83%"
"04.01.2018","7,077.9","7,089.5","7,098.0","7,072.4","493.87M","0.18%"
"03.01.2018","7,065.5","7,017.1","7,069.1","7,016.7","483.92M","0.84%"
"02.01.2018","7,006.9","6,937.6","7,006.9","6,924.1","462.20M","1.50%"
"29.12.2017","6,903.4","6,952.6","6,955.0","6,903.4","422.84M","-0.67%"
"28.12.2017","6,950.2","6,953.4","6,954.8","6,936.8","293.06M","0.16%"
"27.12.2017","6,939.3","6,941.5","6,955.4","6,931.3","316.13M","0.04%"
"26.12.2017","6,936.3","6,928.9","6,942.1","6,915.6","322.15M","-0.34%"
"22.12.2017","6,960.0","6,958.0","6,962.3","6,944.4","372.94M","-0.08%"
"21.12.2017","6,965.4","6,972.9","6,992.6","6,961.2","436.63M","0.06%"
"20.12.2017","6,961.0","6,991.3","6,991.3","6,935.4","442.66M","-0.04%"
"19.12.2017","6,963.9","6,991.3","6,995.9","6,951.5","514.90M","-0.44%"
"18.12.2017","6,994.8","6,980.4","7,003.9","6,975.5","539.24M","0.84%"
"15.12.2017","6,936.6","6,871.5","6,945.8","6,871.5","1.42B","1.17%"
"14.12.2017","6,856.5","6,887.4","6,901.1","6,851.6","496.56M","-0.28%"
"13.12.2017","6,875.8","6,880.4","6,897.6","6,871.9","490.98M","0.20%"
"12.12.2017","6,862.3","6,872.7","6,884.8","6,856.3","456.45M","-0.19%"
"11.12.2017","6,875.1","6,847.6","6,879.8","6,844.9","448.36M","0.51%"
"08.12.2017","6,840.1","6,859.9","6,870.5","6,831.6","429.26M","0.40%"
"07.12.2017","6,812.8","6,785.7","6,829.3","6,778.2","475.25M","0.54%"
"06.12.2017","6,776.4","6,742.1","6,787.4","6,734.1","454.87M","0.21%"
"05.12.2017","6,762.2","6,759.1","6,836.5","6,752.3","518.90M","-0.19%"
"04.12.2017","6,775.4","6,897.1","6,899.2","6,770.7","600.98M","-1.05%"
"01.12.2017","6,847.6","6,844.0","6,872.2","6,737.2","547.88M","-0.38%"
"30.11.2017","6,874.0","6,852.8","6,888.6","6,838.5","730.82M","0.73%"
"29.11.2017","6,824.4","6,907.3","6,908.3","6,794.0","586.18M","-1.27%"