,DJ Utility,DJ Composite,CBOE Volatility,DJ Industrial Average,NASDAQ 100,NAQC,NYSE Composite,NYSE Market Composite,Russell 200,S&P 100,S&P 500
0,920.57,11903.5,22.96,35135.78,16399.24,15782.8,16684.0,3411.0,2241.98,2151.2,4655.27
1,906.95,11803.3,28.62,34908.1,16025.58,15491.7,16624.9,3394.0,2245.94,2122.4,4594.62
2,922.85,12136.0,18.58,35805.17,16367.81,15845.2,17036.8,3510.9,2334.65,2170.8,4701.46
3,922.66,12147.6,18.58,35813.74,16306.72,15775.1,17007.9,3461.3,2331.46,2170.8,4690.7
4,921.5,12079.0,19.38,35619.26,16380.98,15854.8,16945.8,3417.0,2327.86,2166.2,4682.95
5,914.39,12017.5,19.17,35602.18,16573.34,16057.4,16974.0,3435.2,2331.35,2163.5,4697.96
6,908.4,12056.3,17.91,35871.34,16482.97,15993.7,17117.7,3508.8,2343.16,2171.9,4706.64
7,912.34,12085.9,17.59,35931.52,16308.07,15921.6,17192.7,3506.6,2363.59,2172.1,4688.67
8,913.25,12179.3,17.11,36144.13,16309.77,15973.9,17302.8,3537.9,2377.01,2158.8,4700.9
9,919.61,12176.8,16.37,36087.98,16189.12,15853.8,17285.6,3510.5,2405.02,2162.0,4682.81
10,908.29,12156.1,16.49,36100.37,16199.88,15861.0,17297.7,3512.7,2400.93,2154.1,4682.85
11,910.26,12113.3,16.29,35921.24,16032.47,15704.3,17220.4,3482.6,2411.78,2155.5,4649.27
12,917.04,12131.2,17.66,36079.54,15985.57,15622.7,17192.0,3483.8,2409.14,2139.5,4646.71
13,909.94,12180.7,18.73,36320.5,16219.93,15886.5,17286.9,3529.8,2389.58,2140.3,4685.25
14,907.0,12246.7,17.78,36431.39,16336.03,15982.4,17310.5,3520.6,2427.29,2157.2,4701.7
15,918.63,12236.1,17.22,36329.07,16359.38,15971.6,17242.4,3504.2,2442.74,2169.4,4697.53
16,911.11,12160.0,16.48,36124.66,16346.24,15940.3,17168.9,3425.7,2437.08,2170.4,4680.06
17,914.17,12198.4,15.44,36157.02,16144.5,15811.6,17209.8,3451.2,2402.43,2162.9,4660.57
18,922.89,12229.4,15.1,36053.09,15972.49,15649.6,17116.3,3471.1,2404.28,2148.8,4630.65
19,919.82,11969.1,16.03,35913.68,15905.28,15595.9,17131.1,3494.6,2361.86,2131.8,4613.67
20,915.91,11936.3,16.41,35819.59,15850.47,15498.4,17016.4,3411.6,2358.12,2123.1,4605.38
21,921.15,11930.7,16.26,35729.89,15778.16,15448.1,17077.0,3507.4,2297.19,2121.9,4596.42
22,914.81,11831.4,16.53,35491.48,15598.39,15235.8,16920.4,3480.1,2297.98,2115.1,4551.68
23,921.77,11940.0,16.98,35755.83,15559.49,15235.7,17145.2,3526.6,2252.49,2095.7,4574.79
24,917.78,11917.2,15.98,35743.78,15514.19,15226.7,17169.1,3533.5,2296.08,2098.1,4566.48
25,921.43,11889.5,15.24,35677.68,15355.07,15090.2,17122.2,3463.4,2312.64,2090.6,4544.9
26,915.49,11832.7,15.43,35601.96,15489.59,15215.7,17083.2,3445.0,2291.27,2078.7,4549.78
27,916.16,11802.7,15.01,35609.93,15388.71,15121.7,17099.2,3453.4,2296.18,2085.9,4536.19
28,902.25,11716.5,15.49,35458.37,15410.72,15129.1,16988.2,3466.7,2289.77,2081.1,4519.63
29,889.48,11651.1,15.7,35259.01,15300.89,15021.8,16862.0,3490.8,2275.91,2077.3,4486.48
30,898.54,11654.5,16.31,35295.48,15146.92,14897.3,16871.7,3486.4,2267.84,2062.2,4471.37
31,900.09,11530.2,16.3,34911.7,15052.42,14823.4,16744.3,3442.4,2265.65,2053.5,4438.23
32,890.14,11359.2,16.86,34378.6,14774.6,14571.6,16513.2,3418.4,2274.18,2034.7,4363.8
33,879.4,11343.8,18.64,34378.08,14662.11,14465.9,16441.8,3379.4,2241.97,2001.9,4350.64
34,874.63,11331.1,19.85,34496.85,14713.73,14486.2,16430.1,3358.9,2234.27,1995.9,4361.19
35,884.7,11408.3,20.0,34746.71,14820.75,14579.5,16517.2,3339.8,2220.64,2004.3,4391.36
36,891.02,11393.6,18.77,34754.15,14897.13,14654.0,16511.8,3323.6,2233.09,2019.1,4399.76
37,896.25,11343.4,19.54,34417.98,14766.75,14501.9,16338.5,3277.0,2250.09,2021.7,4363.55
38,884.12,11284.9,21.0,34315.99,14674.14,14433.8,16327.1,3306.2,2214.96,2006.2,4345.72
39,885.7,11173.6,21.3,34003.58,14472.12,14255.5,16198.6,3320.2,2228.36,1995.3,4300.46
40,872.82,11224.3,22.96,34327.45,14791.87,14566.7,16323.7,3265.1,2217.47,1972.8,4357.05
41,874.63,11080.3,21.15,33843.33,14689.62,14448.6,16144.9,3230.8,2241.63,2001.9,4307.54
42,882.29,11251.5,23.14,34390.92,14752.89,14512.4,16344.9,3221.3,2204.37,1977.5,4359.46
43,869.74,11228.5,22.56,34299.53,14770.3,14546.7,16328.8,3193.1,2225.31,1998.8,4352.63
44,882.07,11393.6,23.25,34870.16,15204.83,14970.0,16599.8,3198.0,2229.78,1994.6,4443.11
45,892.8,11370.6,18.76,34797.6,15329.68,15047.7,16539.2,3152.8,2281.0,2038.1,4455.48
46,893.61,11342.8,17.75,34766.0,15316.58,15052.2,16567.3,3140.4,2248.07,2045.2,4448.98
47,898.05,11201.5,18.63,34258.51,15176.51,14896.8,16352.2,3071.3,2259.04,2041.1,4395.64
48,898.49,11149.3,20.87,33922.54,15027.77,14746.4,16184.5,3003.8,2218.56,2018.1,4354.18
49,901.54,11170.3,24.36,33970.8,15012.18,14713.9,16168.2,2944.6,2186.18,2001.1,4357.73
50,903.8,11331.3,25.71,34584.88,15333.47,15044.0,16460.3,3008.4,2182.2,2001.2,4432.99
51,916.73,11425.1,20.81,34751.32,15515.91,15181.9,16576.8,3075.0,2236.87,2037.6,4473.76
52,924.96,11444.1,18.69,34814.39,15503.53,15161.5,16626.9,3118.3,2232.91,2056.5,4480.7
53,924.69,11368.8,18.18,34577.57,15382.9,15037.8,16497.2,3041.5,2234.45,2059.7,4443.05
54,927.28,11464.8,19.46,34869.63,15434.5,15105.6,16635.4,3104.6,2209.98,2042.7,4468.73
55,929.14,11399.2,19.37,34607.72,15440.75,15115.5,16563.5,3029.4,2240.78,2054.7,4458.58
56,944.08,11493.9,20.95,34879.38,15561.05,15248.3,16663.1,3030.3,2227.55,2048.9,4493.28
57,949.12,11564.6,18.8,35031.07,15620.85,15286.6,16731.1,3062.3,2249.13,2065.7,4514.07
58,932.26,11560.5,17.96,35100.0,15675.76,15374.3,16801.2,3055.8,2249.73,2077.7,4520.03
59,944.93,11656.4,18.14,35369.09,15652.86,15363.5,16909.7,3087.4,2275.61,2081.6,4535.43
60,952.62,11717.2,16.41,35443.82,15604.25,15331.2,16926.7,3080.9,2295.4,2082.8,4536.95
61,945.37,11645.9,16.41,35312.53,15611.57,15309.4,16846.0,3028.1,2292.05,2081.9,4524.09
62,934.3,11618.0,16.11,35360.73,15582.51,15259.2,16806.4,3024.8,2304.02,2079.3,4522.68
63,935.16,11663.5,16.48,35399.84,15605.09,15265.9,16819.6,3039.3,2287.06,2079.2,4528.79
64,932.25,11684.0,16.19,35455.8,15432.95,15129.5,16844.8,3031.4,2273.77,2083.0,4509.37
65,931.77,11597.5,16.39,35213.12,15278.52,14945.8,16694.3,2969.0,2265.99,2068.3,4469.91
66,934.45,11661.5,18.84,35405.5,15368.92,15041.9,16812.8,2988.3,2277.15,2051.4,4496.19
67,933.25,11630.4,16.79,35366.26,15357.68,15019.8,16741.2,2969.9,2213.98,2062.7,4486.23
68,939.44,11628.1,17.22,35335.71,15312.82,14942.7,16648.6,2941.2,2239.27,2061.0,4479.54
69,950.75,11576.1,17.15,35120.08,15092.57,14714.7,16516.7,2871.2,2230.91,2059.3,4441.67
70,940.96,11507.7,18.56,34894.12,14933.93,14541.8,16429.1,2856.5,2208.3,2041.5,4405.8
71,937.17,11552.6,21.67,34960.69,14857.92,14525.9,16550.3,2930.1,2167.6,2023.0,4400.27
72,943.92,11664.8,21.57,35343.28,15002.83,14656.2,16707.1,2954.4,2132.42,2018.7,4448.08
73,944.54,11755.3,17.91,35625.4,15140.77,14793.8,16836.7,2972.6,2158.78,2041.0,4479.66
74,938.29,11710.6,16.12,35515.38,15136.68,14822.9,16868.1,3034.8,2177.17,2056.4,4468.0
75,932.67,11692.4,15.45,35499.85,15088.98,14816.3,16871.1,3048.9,2203.41,2049.5,4460.84
76,931.52,11680.7,15.59,35484.97,15027.76,14765.1,16875.4,3046.5,2223.11,2045.4,4447.7
77,925.42,11571.6,16.06,35264.67,15053.58,14788.1,16792.8,3040.6,2244.07,2035.5,4436.75
78,925.12,11483.2,16.79,35101.85,15133.11,14860.2,16726.9,2973.9,2250.34,2031.9,4432.35
79,926.74,11542.1,16.72,35208.51,15109.36,14835.8,16748.1,2999.0,2239.36,2030.0,4436.52
80,930.75,11503.9,16.15,35064.25,15181.64,14895.1,16695.5,3004.0,2234.81,2031.7,4429.1
81,919.19,11393.4,17.28,34792.67,15083.39,14780.5,16594.5,2976.7,2247.76,2030.4,4402.68
82,920.69,11531.1,17.97,35116.4,15061.42,14761.3,16713.5,3041.6,2236.01,2016.1,4423.15
83,914.44,11422.0,18.04,34838.16,14963.62,14681.1,16576.2,3013.7,2196.32,2024.3,4387.11
84,907.42,11446.8,19.46,34935.47,14959.9,14672.7,16602.3,3017.5,2223.58,2008.7,4395.26
85,917.25,11495.6,18.24,35084.53,15048.36,14778.3,16697.1,3065.6,2215.5,2011.8,4419.15
86,915.79,11439.1,17.7,34930.93,15018.1,14762.6,16573.6,3012.7,2226.25,2027.9,4400.65
87,920.94,11491.1,18.31,35058.52,14956.97,14660.6,16521.0,2970.2,2240.03,2023.6,4401.46
88,904.4,11547.8,19.36,35144.31,15125.95,14840.7,16565.3,3006.6,2224.96,2025.4,4422.23
89,904.54,11528.2,17.58,35061.55,15111.79,14837.0,16552.4,2965.9,2191.83,2038.5,4411.8
90,892.98,11440.5,17.2,34823.35,14940.17,14684.6,16455.9,2970.3,2216.92,2031.9,4367.48
91,892.29,11441.6,17.69,34798.0,14842.63,14632.0,16503.5,2985.1,2209.65,2011.2,4358.69
92,902.5,11372.9,17.91,34511.99,14728.21,14498.9,16321.9,2934.9,2199.48,2003.5,4323.21
93,899.18,11199.5,19.73,33962.04,14549.09,14275.0,16052.7,2896.2,2234.04,1988.7,4258.63
94,914.61,11416.5,22.5,34687.85,14681.38,14427.2,16364.7,2980.3,2194.3,1962.9,4327.16
95,906.73,11504.8,18.45,34987.02,14794.69,14543.1,16499.1,3008.9,2130.68,1992.8,4360.03
96,896.49,11475.4,17.01,34933.23,14900.44,14645.0,16543.8,3022.2,2163.24,2008.5,4374.3
97,890.4,11453.3,16.33,34888.79,14874.54,14677.7,16575.8,3042.7,2190.29,2016.0,4369.21
98,897.6,11514.7,17.12,34996.18,14877.89,14733.2,16673.1,3080.0,2202.36,2010.6,4384.63
99,894.2,11490.9,16.17,34870.16,14826.09,14701.9,16633.3,3124.9,2238.86,2013.3,4369.55
100,891.72,11321.7,16.18,34421.93,14722.14,14559.8,16359.7,3070.7,2281.82,2005.9,4320.82
101,895.97,11482.2,19.0,34681.79,14810.54,14665.1,16559.3,3128.3,2280.0,1987.0,4358.13
102,889.68,11434.1,16.2,34577.37,14786.36,14663.6,16542.8,3160.1,2231.68,2001.4,4343.54
103,885.78,11500.3,16.44,34786.35,14727.63,14639.3,16674.8,3197.6,2252.85,1993.6,4352.34
104,885.16,11477.6,15.07,34633.53,14560.05,14522.4,16641.0,3209.1,2274.5,1993.1,4319.94
105,876.07,11395.5,15.48,34502.51,14554.8,14504.0,16555.3,3171.0,2307.2,1974.7,4297.5
106,878.16,11352.0,15.83,34292.29,14572.75,14528.3,16547.6,3153.4,2305.76,1964.8,4291.8
107,893.21,11371.4,16.02,34283.27,14524.98,14500.5,16573.7,3179.9,2329.36,1962.2,4290.61
108,889.07,11424.2,15.76,34433.84,14345.18,14360.4,16658.8,3255.7,2310.55,1961.4,4280.7
109,878.97,11361.9,15.62,34196.82,14365.96,14369.7,16558.6,3246.5,2308.84,1952.5,4266.49
110,880.12,11283.7,15.97,33874.24,14274.24,14271.7,16437.6,3230.7,2322.34,1949.2,4241.84
111,890.32,11322.7,16.32,33945.58,14270.42,14253.3,16449.0,3227.9,2334.4,1938.6,4246.44
112,896.92,11313.3,16.66,33876.97,14137.23,14141.5,16412.0,3204.9,2333.62,1940.9,4224.79
113,884.86,11117.5,17.89,33290.08,14049.58,14030.4,16144.0,3130.4,2303.47,1928.2,4166.45
114,907.74,11302.4,20.7,33823.45,14163.81,14161.3,16411.7,3199.6,2295.95,1906.1,4221.86
115,903.93,11404.8,17.75,34033.67,13983.01,14039.7,16542.8,3309.9,2286.09,1928.1,4223.7
116,918.43,11516.5,18.15,34299.33,14030.41,14072.9,16655.8,3319.9,2237.75,1922.3,4246.59
117,915.18,11506.1,17.02,34393.75,14128.2,14174.1,16662.4,3310.6,2287.46,1931.2,4255.15
118,912.85,11547.2,16.39,34479.6,13998.3,14069.4,16694.9,3315.6,2314.69,1937.2,4247.44
119,908.68,11506.2,15.65,34466.24,13960.35,14020.3,16651.4,3320.6,2320.07,1929.6,4239.18
120,902.89,11515.9,16.1,34447.14,13814.94,13911.8,16620.0,3318.1,2326.15,1926.7,4219.55
121,894.26,11572.1,17.89,34599.82,13810.86,13924.9,16685.5,3316.4,2335.81,1915.8,4227.26
122,902.09,11581.0,17.07,34630.24,13802.89,13881.7,16685.1,3312.0,2311.41,1916.9,4226.52
123,900.82,11611.1,16.42,34756.39,13770.78,13814.5,16708.7,3285.8,2327.13,1917.8,4229.89
124,902.49,11594.0,16.42,34577.04,13529.68,13614.5,16632.3,3267.1,2343.76,1915.7,4192.85
125,897.86,11606.6,18.04,34600.38,13675.79,13756.3,16674.0,3281.8,2319.18,1895.9,4208.12
126,893.53,11626.7,17.48,34575.31,13654.59,13736.5,16643.3,3289.5,2286.41,1903.8,4202.04
127,897.35,11620.5,17.9,34529.45,13686.51,13748.7,16555.7,3221.8,2279.25,1900.3,4204.11
128,892.92,11591.8,16.76,34464.64,13657.85,13736.3,16531.9,3223.2,2297.83,1904.6,4200.88
129,899.29,11552.4,16.74,34323.05,13702.74,13738.0,16452.0,3201.0,2294.74,1903.7,4195.99
130,897.73,11516.5,17.36,34312.46,13657.73,13657.2,16390.2,3174.1,2258.25,1904.8,4188.13
131,907.57,11581.3,18.84,34393.98,13641.75,13661.2,16464.7,3192.4,2268.97,1902.0,4197.05
132,908.53,11518.0,18.4,34207.84,13411.74,13471.0,16375.0,3183.4,2273.07,1905.2,4155.86
133,903.45,11484.2,20.15,34084.15,13494.09,13535.7,16350.5,3177.3,2249.27,1883.2,4159.12
134,896.69,11455.3,20.67,33896.04,13237.91,13299.7,16233.3,3145.4,2205.75,1886.2,4115.68
135,898.99,11508.5,22.18,34060.66,13217.68,13303.6,16337.7,3189.0,2227.34,1864.8,4127.83
136,899.39,11601.9,21.34,34327.79,13312.91,13379.0,16423.0,3210.8,2215.27,1868.7,4163.29
137,907.73,11644.4,19.72,34382.13,13393.12,13430.0,16415.4,3159.7,2207.76,1884.6,4173.85
138,905.11,11523.5,18.81,34021.45,13109.15,13125.0,16181.6,3090.7,2193.64,1890.3,4112.5
139,889.1,11336.7,23.13,33587.66,13001.63,13031.7,16043.0,3061.5,2210.88,1862.5,4063.04
140,910.14,11582.0,27.59,34269.16,13351.27,13389.4,16355.6,3097.5,2227.12,1841.4,4152.1
141,919.93,11738.2,21.84,34742.82,13359.08,13401.9,16516.8,3078.8,2224.63,1880.3,4188.43
142,909.9,11731.2,19.66,34777.76,13719.63,13752.2,16590.4,3105.5,2170.95,1895.0,4232.6
143,908.82,11638.0,16.69,34548.53,13613.73,13632.8,16459.6,3065.1,2135.14,1919.3,4201.62
144,902.3,11546.7,18.39,34230.34,13503.37,13582.4,16348.4,3041.1,2206.99,1908.3,4167.59
145,917.25,11549.5,19.15,34133.03,13544.67,13633.5,16289.3,3007.5,2212.7,1889.0,4164.66
146,919.78,11548.5,19.48,34113.23,13799.72,13895.1,16325.2,3029.3,2271.63,1887.7,4192.66
147,919.25,11443.3,18.31,33874.85,13860.76,13962.7,16219.3,2942.5,2241.42,1904.8,4181.17
148,911.06,11481.3,18.61,34060.36,13970.21,14082.5,16376.0,2908.6,2241.37,1900.8,4211.47
149,902.76,11392.4,17.61,33820.38,13901.62,14051.0,16322.1,2892.5,2248.29,1912.8,4183.18
150,904.67,11433.2,17.28,33984.93,13960.28,14090.2,16273.3,2834.2,2277.45,1899.2,4186.72
151,912.0,11398.9,17.56,33981.57,14026.16,14138.8,16241.2,2833.4,2266.45,1900.3,4187.62
152,918.26,11429.6,17.64,34043.49,13941.44,14016.8,16206.0,2813.4,2295.46,1901.6,4180.17
153,921.1,11344.7,17.33,33815.9,13762.36,13818.4,16030.6,2776.0,2304.16,1898.2,4134.98
154,927.3,11443.5,18.71,34137.31,13935.15,13950.2,16121.6,2809.6,2301.27,1878.7,4173.42
155,933.37,11360.8,17.5,33821.3,13809.3,13786.3,15944.6,2764.5,2298.01,1898.8,4134.94
156,920.83,11369.8,18.68,34077.63,13907.67,13914.8,16107.6,2799.2,2271.86,1885.7,4163.26
157,923.71,11424.3,17.29,34200.67,14041.91,14052.3,16186.3,2811.6,2232.61,1899.1,4185.47
158,917.19,11383.3,16.25,34035.99,14026.2,14038.8,16116.8,2820.0,2239.63,1908.9,4170.42
159,907.34,11294.9,16.57,33730.89,13803.91,13857.8,16000.2,2804.5,2188.21,1902.1,4124.66
160,902.59,11274.3,16.99,33677.27,13986.49,13996.1,15962.3,2777.3,2232.0,1879.4,4141.59
161,892.01,11292.3,16.65,33745.4,13819.35,13850.0,15977.5,2775.4,2262.67,1891.6,4127.99
162,891.67,11291.8,16.91,33800.6,13845.05,13900.2,15956.4,2785.1,2257.07,1881.8,4128.8
163,891.17,11205.0,16.69,33503.57,13758.5,13829.3,15886.6,2798.1,2247.72,1882.9,4097.17
164,892.35,11197.6,16.95,33446.26,13616.7,13688.8,15838.8,2791.2,2228.92,1867.1,4079.95
165,893.59,11206.3,17.16,33430.24,13578.46,13698.4,15878.0,2763.7,2233.78,1857.7,4073.94
166,889.88,11229.3,18.12,33527.19,13598.16,13705.6,15870.3,2761.5,2243.47,1850.1,4077.91
167,879.51,11108.3,17.91,33153.21,13329.51,13480.1,15752.2,2774.4,2242.6,1852.6,4019.87
168,880.34,11051.2,17.33,32981.55,13091.44,13246.9,15601.7,2715.3,2223.05,1822.5,3972.89
169,874.49,11078.3,17.33,33066.96,12896.53,13045.4,15626.1,2721.9,2259.15,1801.9,3958.55
170,882.21,11069.6,19.4,33171.37,12965.74,13059.6,15611.9,2746.3,2264.89,1792.6,3971.09
171,873.55,11052.3,19.61,33072.88,12979.12,13138.7,15682.5,2759.6,2253.9,1801.0,3974.54
172,869.27,10886.7,20.74,32619.48,12780.51,12977.7,15410.4,2719.1,2220.52,1798.1,3909.52
173,861.59,10786.7,18.86,32420.06,12798.88,12961.9,15276.6,2700.8,2195.8,1771.4,3889.14
174,859.13,10752.5,19.81,32423.15,13017.79,13227.7,15346.5,2670.0,2158.68,1766.0,3910.52
175,847.67,10849.3,21.2,32731.2,13086.51,13377.5,15551.6,2736.5,2221.48,1779.8,3940.59
176,847.56,10831.7,20.3,32627.97,12866.99,13215.2,15562.3,2752.2,2183.12,1788.1,3913.1
177,846.03,10868.0,18.88,32862.3,12789.14,13116.2,15589.1,2738.9,2134.27,1771.9,3915.46
178,847.92,10903.3,20.95,33015.37,13202.38,13525.2,15731.2,2823.9,2185.69,1772.8,3974.12
179,859.04,10855.7,21.58,32825.95,13152.28,13471.6,15669.3,2815.0,2266.84,1802.2,3962.71
180,856.77,10923.9,19.23,32953.46,13082.54,13459.7,15775.5,2860.6,2287.55,1797.4,3968.94
181,844.88,10851.4,19.79,32778.64,12937.29,13319.9,15715.2,2848.2,2267.59,1795.1,3943.34
182,834.27,10747.7,20.03,32485.59,13052.9,13398.7,15648.0,2819.3,2336.39,1786.8,3939.34
183,837.05,10683.0,20.69,32297.02,12752.07,13068.8,15521.8,2798.6,2319.52,1789.1,3898.81
184,830.93,10563.9,21.91,31832.74,12794.49,13073.8,15375.6,2745.2,2360.17,1769.8,3875.44
185,823.45,10531.4,22.56,31802.44,12299.08,12609.2,15288.4,2729.8,2352.79,1760.1,3821.35
186,814.03,10435.9,24.03,31496.3,12668.51,12920.1,15251.8,2702.9,2338.54,1729.0,3841.94
187,800.17,10213.9,25.47,30924.14,12464.0,12723.5,14959.4,2675.3,2285.68,1743.7,3768.47
188,798.59,10348.8,24.66,31270.09,12683.33,12997.8,15199.2,2642.2,2245.06,1713.8,3819.72
189,806.08,10390.2,28.57,31391.52,13059.95,13358.8,15277.0,2642.0,2202.98,1733.6,3870.29
190,810.38,10435.4,26.67,31535.51,13282.95,13588.8,15327.8,2625.6,2192.21,1757.7,3901.82
191,795.61,10231.5,24.1,30932.37,12909.44,13192.3,15010.5,2601.7,2146.92,1773.4,3811.15
192,814.39,10363.9,23.35,31402.01,12828.31,13119.4,15206.7,2649.2,2207.79,1731.4,3829.34
193,825.65,10547.4,27.95,31961.86,13302.19,13598.0,15539.4,2724.4,2231.51,1739.7,3925.43
194,835.85,10433.0,28.89,31537.35,13194.71,13465.2,15359.1,2672.4,2275.32,1784.2,3881.37
195,830.38,10416.1,21.34,31521.69,13223.74,13533.0,15340.5,2684.0,2201.05,1765.9,3876.5
196,846.51,10415.1,23.11,31494.32,13580.78,13874.5,15362.7,2639.1,2200.17,1764.9,3906.71
197,857.98,10386.7,23.45,31493.34,13637.51,13865.4,15290.6,2600.4,2284.38,1782.7,3913.97
198,853.06,10412.3,22.05,31613.02,13699.71,13965.5,15402.6,2659.6,2231.31,1794.0,3931.33
199,851.2,10408.8,22.49,31522.75,13773.77,14047.5,15423.0,2656.8,2251.07,1803.1,3932.59
200,857.1,10404.8,21.5,31458.4,13807.7,14095.5,15369.6,2624.5,2266.69,1802.2,3934.83
201,864.79,10365.4,21.46,31430.7,13734.35,14025.8,15297.1,2612.9,2218.39,1803.1,3916.38
202,871.21,10377.8,19.97,31437.8,13655.27,13972.5,15273.9,2636.6,2256.11,1796.5,3909.88
203,866.03,10358.0,21.25,31375.83,13687.08,14007.7,15244.4,2602.4,2272.89,1794.7,3911.23
204,865.41,10341.0,21.99,31385.76,13695.02,13987.6,15226.6,2575.4,2306.6,1797.7,3915.59
205,872.25,10287.5,21.63,31148.24,13603.96,13856.3,15069.6,2529.8,2289.36,1800.8,3886.83
206,867.61,10244.5,21.24,31055.86,13560.89,13777.7,14975.4,2498.9,2285.32,1790.1,3871.74
207,860.3,10128.8,20.87,30723.6,13402.37,13610.5,14839.1,2492.1,2282.44,1783.9,3830.17
208,863.32,10125.8,21.77,30687.48,13456.12,13612.8,14768.6,2454.5,2299.0,1765.0,3826.31
209,856.58,9963.3,22.91,30211.91,13248.9,13403.4,14596.2,2460.2,2289.76,1761.0,3773.86
210,852.4,9877.0,25.56,29982.62,12925.38,13070.7,14397.2,2416.1,2233.33,1737.1,3714.24
211,853.22,10067.4,30.24,30603.36,13201.53,13337.2,14669.5,2441.0,2202.42,1709.8,3787.38
212,844.37,9966.5,33.09,30303.17,13112.65,13270.6,14487.7,2373.1,2159.7,1745.6,3750.77
213,864.41,10202.1,30.21,30937.04,13490.19,13626.1,14867.4,2421.2,2151.44,1731.9,3849.62
214,872.17,10263.3,37.21,30960.0,13483.29,13636.0,14935.3,2492.3,2126.16,1775.8,3855.36
215,857.94,10248.2,23.02,30996.98,13366.4,13543.1,14951.8,2500.3,2073.64,1774.6,3841.47
216,857.9,10292.3,23.19,31176.01,13404.99,13530.9,15019.0,2518.8,2106.61,1764.2,3853.07
217,864.72,10354.2,21.91,31188.38,13296.45,13457.2,15097.3,2541.8,2108.7,1766.9,3851.85
218,857.45,10243.5,21.32,30930.52,12996.54,13197.2,14987.3,2526.6,2149.86,1762.0,3798.91
219,861.09,10236.6,21.58,30814.26,12803.93,12998.5,14894.2,2509.5,2163.27,1731.4,3768.25
220,851.26,10290.2,23.24,30991.52,12898.69,13112.6,15044.4,2557.0,2168.76,1716.1,3795.54
221,855.74,10281.4,24.34,31060.47,12973.63,13129.0,14983.6,2524.1,2141.42,1729.7,3809.84
222,839.33,10272.4,23.25,31068.69,12892.09,13072.4,15010.3,2551.4,2160.62,1739.7,3801.19
223,843.31,10228.7,22.21,31008.69,12902.49,13036.4,14938.0,2534.4,2151.14,1730.2,3799.61
224,851.28,10260.9,23.33,31097.97,13105.2,13202.0,14966.8,2507.7,2131.45,1732.2,3824.68
225,844.03,10224.0,24.08,31041.13,12939.57,13067.5,14928.8,2536.1,2123.2,1747.3,3803.79
226,857.58,10182.9,21.56,30829.4,12623.35,12740.8,14788.8,2504.1,2155.35,1734.8,3748.14
227,842.21,9997.6,22.37,30391.6,12802.38,12819.0,14536.5,2463.0,2111.97,1706.8,3726.86
228,843.0,9938.7,25.07,30223.89,12694.67,12698.4,14376.7,2368.9,2127.96,1708.2,3700.65
229,864.64,10108.7,25.34,30606.48,12888.28,12888.3,14524.8,2360.9,2091.01,1696.9,3756.07
230,850.59,10036.4,26.97,30409.56,12845.36,12870.0,14477.5,2382.6,2091.66,1720.5,3732.04
231,848.89,10012.7,22.75,30335.67,12843.49,12850.2,14397.9,2354.1,2096.89,1711.3,3727.04
232,849.55,10047.3,22.77,30403.97,12838.86,12899.4,14405.8,2341.0,2057.92,1713.2,3735.36
233,845.97,10001.0,23.08,30199.87,12711.01,12804.7,14382.5,2332.2,1979.11,1715.2,3703.06
234,840.18,9976.1,21.7,30129.83,12653.14,12771.1,14398.6,2333.4,1945.91,1694.8,3690.01
235,842.22,9945.1,21.53,30015.51,12717.56,12807.9,14321.3,2293.3,1974.86,1689.3,3687.26
236,844.96,9994.6,21.53,30216.45,12690.26,12742.5,14378.8,2311.7,1979.99,1689.1,3694.92
237,857.26,10024.9,23.31,30179.05,12738.18,12755.6,14467.8,2336.2,1959.36,1693.0,3709.41
238,866.78,10080.8,24.23,30303.37,12752.06,12764.7,14516.7,2362.3,1996.25,1695.7,3722.48
239,859.59,10009.6,25.16,30154.54,12668.16,12658.2,14408.9,2343.2,2003.95,1703.8,3701.17
240,871.54,10035.9,21.57,30199.31,12595.92,12595.1,14402.3,2372.0,2007.1,1696.3,3694.62
241,852.81,9916.3,21.93,29861.55,12462.21,12440.0,14214.9,2330.3,1989.88,1691.6,3647.49
242,855.1,10017.8,22.5,30046.37,12375.41,12377.9,14355.3,2372.1,1970.33,1671.7,3663.46
243,854.06,10010.3,22.89,29999.26,12401.74,12405.8,14394.3,2388.8,1969.99,1679.2,3668.1
244,856.76,10052.6,24.72,30068.81,12364.64,12339.0,14374.1,2352.0,1978.05,1679.3,3672.82
245,858.36,10070.4,23.31,30173.88,12635.72,12582.8,14402.2,2373.6,1952.72,1681.1,3702.25
246,859.85,10041.5,22.52,30069.79,12596.47,12519.9,14355.0,2348.7,1959.76,1696.0,3691.96
247,856.13,10068.0,22.27,30218.26,12528.48,12464.2,14417.3,2334.6,1913.86,1691.1,3699.12
248,866.89,10004.3,20.68,29969.52,12467.13,12377.2,14217.2,2282.0,1911.7,1692.6,3666.72
249,874.66,9992.0,21.3,29883.79,12456.41,12349.4,14188.2,2257.0,1922.7,1682.2,3669.01
250,868.25,9958.3,20.79,29823.92,12455.33,12355.1,14146.6,2250.0,1902.15,1685.0,3662.45
251,861.74,9901.7,21.28,29638.64,12268.32,12198.7,14006.5,2224.3,1917.78,1679.5,3621.63
252,873.18,9997.8,21.17,29910.37,12258.21,12205.8,14198.5,2292.6,1891.25,1658.8,3638.35
253,880.98,10016.2,20.77,29872.47,12152.21,12094.4,14191.6,2292.1,1892.45,1665.9,3629.65
254,882.62,10073.0,20.57,30046.24,12079.81,12037.3,14249.5,2301.6,1848.7,1662.3,3635.41
255,873.01,9905.8,20.84,29591.27,11905.94,11880.6,13998.2,2240.1,1838.03,1662.5,3577.59
256,873.29,9801.2,21.25,29263.48,11906.44,11855.0,13827.0,2200.8,1836.05,1634.3,3557.54
257,872.94,9868.9,21.25,29483.23,11985.43,11904.7,13863.2,2208.5,1819.82,1628.3,3581.87
258,881.37,9873.8,21.64,29438.42,11894.71,11801.6,13808.7,2177.9,1855.27,1640.5,3567.79
259,899.01,9989.4,22.66,29783.35,11977.49,11899.3,13949.1,2197.6,1831.8,1634.2,3609.53
260,917.38,10044.3,23.7,29950.44,12013.38,11924.1,13982.2,2179.7,1845.02,1653.4,3626.91
261,910.91,9875.7,23.11,29479.81,11937.84,11829.3,13761.3,2139.1,1853.53,1661.5,3585.15
262,902.1,9730.2,23.84,29080.17,11827.14,11709.6,13551.5,2132.1,1818.3,1644.9,3537.01
263,917.19,9853.4,22.71,29397.63,11892.93,11786.4,13724.8,2183.7,1785.34,1626.6,3572.66
264,916.18,9875.3,22.45,29420.92,11624.29,11553.9,13708.0,2164.7,1784.13,1640.6,3545.53
265,898.85,9753.1,23.1,29157.97,11830.38,11713.8,13611.7,2162.3,1769.32,1623.0,3550.5
266,881.76,9500.0,25.35,28323.4,12091.35,11895.2,13218.7,2072.2,1791.91,1628.5,3509.44
267,885.44,9531.0,23.45,28390.18,12078.07,11890.9,13199.1,2077.3,1785.34,1620.9,3510.45
268,877.69,9352.6,24.8,27847.66,11777.02,11590.8,12979.0,2025.7,1744.04,1621.2,3443.44
269,889.78,9336.3,25.75,27480.03,11279.91,11160.6,12877.5,2046.6,1708.47,1590.1,3369.16
270,876.56,9132.4,24.86,26925.05,11084.76,10957.6,12662.2,2002.6,1736.94,1544.7,3310.24
271,857.77,8994.4,27.58,26501.6,11052.95,10911.6,12429.3,1983.7,1737.01,1520.3,3269.96
272,867.65,9058.2,29.57,26659.11,11350.74,11185.6,12502.3,1963.4,1705.04,1507.7,3310.11
273,865.33,8976.6,35.55,26519.95,11142.76,11004.9,12415.4,1946.1,1644.16,1530.3,3271.03
274,890.68,9307.3,37.13,27463.19,11598.95,11431.3,12817.9,2002.1,1660.05,1509.6,3390.68
275,891.98,9389.8,38.02,27685.38,11504.52,11358.9,12936.4,2000.4,1615.08,1569.1,3400.97
276,893.68,9576.2,37.59,28335.57,11692.57,11548.3,13199.9,2036.5,1614.3,1568.7,3465.39
277,891.28,9549.9,40.28,28363.66,11662.91,11506.0,13145.9,2035.1,1568.59,1596.7,3453.49
278,877.1,9489.8,33.35,28210.82,11665.37,11484.7,13040.1,2013.2,1538.48,1593.5,3435.56
279,881.15,9544.3,32.46,28308.79,11677.84,11516.5,13092.2,2020.9,1561.58,1587.2,3443.12
280,877.6,9484.2,27.55,28195.42,11634.35,11478.9,13018.5,1993.3,1543.28,1590.2,3426.92
281,884.52,9603.0,28.11,28606.31,11852.17,11671.6,13169.3,2012.1,1590.48,1582.3,3483.81
282,875.22,9596.4,28.65,28494.2,11898.57,11713.9,13137.3,2027.3,1605.21,1610.8,3483.34
283,875.19,9579.0,29.35,28514.0,11985.36,11768.7,13143.2,2006.7,1640.5,1610.8,3488.67
284,876.05,9590.9,29.18,28679.81,12083.17,11863.9,13212.0,2008.1,1630.25,1615.3,3511.93
285,882.82,9653.9,27.41,28837.52,12088.11,11876.3,13324.9,2007.0,1603.78,1628.5,3534.22
286,875.81,9588.9,26.97,28586.9,11725.85,11579.9,13252.6,1997.0,1617.71,1637.6,3477.13
287,875.3,9536.0,26.4,28425.51,11550.94,11421.0,13190.6,1986.7,1613.63,1604.8,3446.83
288,859.99,9469.6,26.07,28303.46,11503.19,11364.6,13042.3,1930.9,1633.81,1587.7,3419.45
289,850.89,9289.8,25.07,27772.76,11291.27,11154.6,12837.9,1916.3,1638.88,1577.8,3360.95
290,844.57,9368.5,25.0,28148.64,11509.06,11332.5,12949.7,1937.6,1621.65,1550.2,3408.63
291,832.49,9217.9,26.36,27682.81,11255.69,11075.0,12749.8,1910.4,1636.85,1575.6,3348.44
292,824.27,9211.1,28.06,27816.9,11583.2,11326.5,12726.8,1904.2,1649.05,1547.1,3380.8
293,814.7,9191.0,29.48,27781.7,11418.06,11167.5,12701.9,1907.8,1637.55,1569.9,3363.0
294,808.99,9131.8,27.96,27452.66,11322.95,11085.3,12602.6,1934.1,1628.55,1560.6,3335.47
295,810.2,9188.7,27.63,27584.06,11364.45,11117.5,12677.5,1947.6,1611.04,1545.7,3351.6
296,808.13,9069.8,26.7,27173.96,11151.13,10913.6,12485.4,1931.0,1577.29,1553.0,3298.46
297,795.93,8946.6,26.37,26815.44,10896.47,10672.3,12365.5,1930.7,1581.96,1529.0,3246.59
298,785.16,8912.4,26.27,26763.13,10833.33,10633.0,12359.2,1909.6,1539.3,1504.5,3236.92
299,799.37,9064.7,26.19,27288.18,11186.37,10963.6,12602.5,1992.7,1531.2,1499.7,3315.57
300,793.72,9009.5,26.38,27147.7,10980.22,10778.8,12561.8,1981.4,1507.69,1538.5,3281.06
301,797.95,9178.9,28.51,27657.42,10936.98,10793.3,12833.6,2043.7,1504.73,1519.4,3319.47
302,810.81,9274.6,28.58,27901.98,11080.95,10910.3,12948.5,2056.8,1510.34,1530.6,3357.01
303,814.51,9307.1,26.86,28032.38,11247.6,11050.5,12997.9,2061.7,1474.91,1548.5,3385.49
304,818.68,9291.1,27.78,27995.6,11438.87,11190.3,12967.2,2029.0,1451.82,1563.9,3401.2
305,810.94,9256.7,25.83,27993.33,11277.76,11056.7,12932.7,2037.0,1451.46,1576.9,3383.54
306,799.93,9152.9,26.46,27665.64,11087.4,10853.5,12773.0,2007.7,1496.96,1567.1,3340.97
307,796.34,9099.4,26.04,27534.58,11154.12,10919.6,12706.7,2017.3,1485.25,1549.9,3339.19
308,809.51,9215.5,25.59,27940.47,11395.85,11141.6,12885.8,2040.5,1536.78,1551.0,3398.96
309,798.63,9076.6,25.85,27500.89,11068.26,10847.7,12688.1,2019.4,1542.6,1580.9,3331.84
310,803.7,9238.3,26.87,28133.31,11622.13,11313.1,12917.2,2088.3,1552.33,1546.9,3426.96
311,808.12,9265.3,29.71,28292.73,11771.37,11458.1,12966.1,2090.5,1538.15,1596.1,3455.06
312,818.68,9499.8,28.81,29100.5,12420.54,12056.4,13276.7,2115.8,1536.97,1611.4,3580.84
313,794.08,9339.3,31.46,28645.66,12292.86,11939.7,13113.7,2122.9,1497.27,1675.7,3526.65
314,803.22,9286.6,30.75,28430.05,12110.7,11775.5,13045.6,2105.2,1507.75,1653.7,3500.31
315,800.73,9353.9,33.6,28653.87,11995.86,11695.6,13171.0,2121.3,1526.48,1638.9,3508.01
316,800.69,9298.2,26.57,28492.27,11926.16,11625.3,13068.8,2097.3,1504.59,1640.8,3484.55
317,798.89,9247.4,26.12,28331.92,11971.94,11665.1,13042.5,2095.6,1545.45,1630.5,3478.73
318,810.8,9253.6,26.41,28248.44,11721.8,11466.5,13002.0,2110.4,1535.3,1629.3,3443.62
319,817.71,9282.4,22.96,28308.46,11626.17,11379.7,12972.9,2118.8,1544.68,1604.9,3431.28
320,809.61,9151.0,24.47,27930.33,11555.16,11311.8,12809.1,2080.4,1592.29,1597.9,3397.16
321,810.59,9106.6,23.27,27739.73,11477.05,11265.0,12812.9,2094.5,1578.58,1582.2,3385.51
322,817.16,9107.5,22.03,27692.88,11318.64,11146.5,12859.9,2106.0,1561.88,1573.7,3374.85
323,820.37,9125.7,22.37,27778.07,11399.03,11210.8,12910.3,2138.1,1578.34,1563.0,3389.78
324,823.96,9163.9,22.54,27844.91,11288.57,11129.7,12936.1,2170.2,1564.56,1569.4,3381.99
325,824.87,9183.3,22.72,27931.02,11164.45,11019.3,12902.5,2155.4,1560.19,1561.3,3372.85
326,834.39,9178.8,22.54,27896.72,11178.37,11042.5,12919.2,2157.5,1571.21,1557.3,3373.43
327,836.74,9209.0,21.51,27976.84,11157.72,11012.2,12974.8,2148.9,1568.47,1557.8,3380.35
328,821.99,9116.6,21.35,27686.91,10876.08,10782.8,12849.4,2133.6,1552.48,1560.6,3333.69
329,841.03,9166.4,22.05,27791.44,11085.17,10968.4,12844.0,2168.2,1564.3,1536.0,3360.47
330,843.23,9040.6,22.13,27433.48,11139.39,11011.0,12765.8,2137.3,1572.07,1550.7,3351.28
331,828.87,8952.7,22.28,27386.98,11267.08,11108.1,12729.2,2141.4,1569.77,1547.9,3349.16
332,825.37,8886.2,24.03,27201.52,11125.44,10998.4,12731.5,2143.3,1585.47,1551.2,3327.77
333,832.49,8800.8,22.13,26828.47,11096.54,10941.2,12612.1,2128.1,1577.88,1535.4,3306.51
334,822.34,8734.8,22.21,26664.4,11055.08,10902.8,12536.8,2072.9,1579.79,1524.4,3294.61
335,830.77,8701.8,22.65,26428.32,10905.88,10745.3,12465.0,2058.7,1583.25,1519.4,3271.12
336,828.13,8656.5,22.99,26313.65,10715.51,10587.8,12533.3,2073.5,1575.1,1504.9,3246.22
337,828.96,8700.8,23.76,26539.57,10662.98,10542.9,12669.6,2091.0,1584.67,1487.9,3258.44
338,825.47,8618.9,24.28,26379.28,10532.5,10402.1,12491.2,2063.8,1569.18,1491.6,3218.44
339,813.02,8660.9,24.46,26584.77,10674.38,10536.3,12553.1,2087.8,1544.62,1477.1,3239.41
340,825.74,8643.8,24.76,26469.89,10483.13,10363.2,12461.8,2067.6,1546.24,1486.1,3215.63
341,830.7,8694.9,24.1,26652.33,10580.59,10461.4,12510.9,2080.8,1517.21,1474.1,3235.66
342,829.5,8767.2,25.44,27005.84,10870.75,10706.1,12569.1,2090.8,1506.8,1483.7,3276.02
343,820.47,8721.8,24.74,26840.4,10833.07,10680.4,12508.7,2109.3,1480.43,1509.4,3257.3
344,817.04,8671.2,25.84,26680.87,10952.08,10767.1,12393.0,2025.0,1495.1,1503.0,3251.84
345,828.6,8724.0,26.08,26671.95,10645.22,10503.2,12402.7,2037.9,1500.63,1504.1,3224.73
346,809.52,8677.4,24.32,26734.71,10626.46,10473.8,12350.1,2035.4,1469.76,1484.7,3215.57
347,796.47,8667.6,24.84,26870.1,10701.68,10550.5,12391.3,2044.7,1484.65,1484.3,3226.56
348,799.91,8572.4,24.46,26642.59,10689.52,10488.6,12204.2,2004.6,1467.55,1490.3,3197.52
349,791.24,8416.3,25.68,26085.8,10602.21,10390.8,12014.7,1967.5,1490.2,1483.8,3155.22
350,791.35,8415.9,28.0,26075.3,10836.33,10617.4,12075.6,1977.9,1490.14,1466.6,3185.04
351,774.23,8277.3,27.76,25706.09,10754.59,10547.8,11928.6,1970.8,1487.51,1482.0,3152.05
352,783.15,8401.4,29.52,26067.28,10666.7,10492.5,12086.4,2004.7,1467.95,1466.0,3169.94
353,775.59,8344.4,32.19,25890.18,10524.01,10343.9,11990.1,2016.4,1473.32,1471.2,3145.32
354,779.03,8449.4,27.29,26287.03,10604.06,10433.7,12160.0,2028.8,1467.56,1456.5,3179.72
355,786.89,8344.1,29.26,25827.36,10341.89,10207.6,11991.5,1989.2,1478.27,1470.6,3130.01
356,785.15,8305.6,28.08,25734.97,10279.25,10154.6,11901.5,1976.1,1428.26,1442.9,3115.86
357,767.5,8292.1,29.43,25812.88,10156.85,10058.8,11893.8,1993.2,1403.57,1437.2,3100.29
358,764.39,8219.3,27.94,25595.8,9961.16,9874.2,11777.1,1953.0,1422.68,1427.2,3053.24
359,749.4,8028.4,27.68,25015.55,9849.36,9757.2,11604.4,1911.8,1398.92,1405.8,3009.05
360,757.34,8223.6,27.68,25745.6,10101.83,10017.0,11865.1,1956.8,1427.4,1386.1,3083.76
361,767.6,8163.9,28.62,25445.94,10002.7,9909.2,11726.5,1949.7,1416.0,1425.0,3050.33
362,773.47,8370.3,30.43,26156.1,10209.82,10131.4,12077.7,1993.5,1442.88,1408.8,3131.29
363,780.42,8332.6,31.78,26024.96,10130.33,10056.5,12028.9,1991.8,1421.4,1442.8,3117.86
364,770.61,8288.7,34.73,25871.46,10008.64,9946.1,11980.1,1981.6,1431.86,1433.7,3097.74
365,798.74,8408.0,32.22,26080.1,10012.05,9943.0,12072.6,1987.2,1427.31,1422.0,3115.34
366,800.36,8425.3,33.84,26119.61,9982.48,9910.5,12086.5,1992.5,1441.37,1427.8,3113.49
367,802.37,8465.8,31.37,26289.98,9949.37,9895.9,12161.5,2026.0,1421.21,1426.1,3124.74
368,799.76,8339.4,31.77,25763.16,9776.89,9726.0,11942.9,1999.6,1378.78,1430.1,3066.59
369,793.0,8280.2,35.12,25605.54,9663.78,9588.8,11867.2,1976.9,1413.31,1403.1,3041.31
370,793.23,8137.9,32.94,25128.17,9588.48,9492.7,11659.2,1954.7,1389.74,1393.3,3002.1
371,824.72,8708.7,33.47,26989.99,10094.26,10020.3,12449.2,2087.4,1439.34,1376.8,3190.14
372,830.34,8825.5,33.67,27272.3,9967.17,9953.8,12619.5,2131.8,1433.53,1459.8,3207.18
373,847.26,8962.5,34.4,27572.44,9901.52,9924.8,12836.6,2146.5,1418.63,1460.8,3232.39
374,826.52,8797.9,36.09,27110.98,9824.39,9814.1,12641.4,2095.7,1427.08,1464.6,3193.93
375,814.06,8553.4,40.79,26281.82,9629.66,9615.8,12287.0,2030.6,1426.53,1448.3,3112.35
376,831.27,8554.1,27.57,26269.89,9704.69,9682.9,12302.2,2025.2,1452.26,1413.1,3122.87
377,820.4,8368.2,27.57,25742.65,9657.31,9608.4,12046.4,1989.6,1419.61,1418.3,3080.82
378,815.33,8271.8,25.81,25475.02,9598.89,9552.0,11900.2,1952.2,1387.68,1403.4,3055.73
379,806.92,8239.6,24.52,25383.11,9555.53,9489.9,11803.0,1921.9,1356.22,1392.9,3044.31
380,800.8,8239.3,25.81,25400.64,9416.71,9369.0,11804.9,1933.9,1467.39,1389.6,3029.73
381,777.69,8256.0,25.66,25548.27,9442.05,9412.4,11837.5,1963.4,1507.05,1382.8,3036.13
382,769.03,8080.0,26.84,24995.11,9389.98,9340.2,11603.0,1945.2,1536.89,1386.6,2991.77
383,763.93,7878.6,28.23,24465.16,9413.99,9324.6,11332.0,1922.3,1507.15,1370.0,2955.45
384,754.02,7858.4,27.51,24474.12,9377.99,9284.9,11351.6,1916.1,1452.06,1358.9,2948.51
385,761.59,7899.5,28.59,24575.9,9485.02,9375.8,11420.0,1941.6,1452.09,1356.2,2971.61
386,761.4,7773.2,27.62,24206.86,9298.54,9185.1,11249.0,1884.5,1418.21,1367.0,2922.94
387,773.18,7889.4,28.01,24597.37,9331.93,9234.8,11402.2,1904.8,1405.37,1344.1,2953.91
388,744.49,7542.7,28.16,23685.42,9152.64,9014.6,10947.3,1823.1,1394.04,1357.9,2863.7
389,754.78,7571.7,29.53,23625.34,9094.42,8943.7,10927.4,1809.7,1400.67,1323.5,2852.5
390,747.54,7478.5,27.99,23247.97,9000.08,8863.2,10829.4,1791.7,1436.36,1317.4,2820.0
391,753.3,7625.3,30.53,23764.78,9112.45,9002.5,11055.6,1863.6,1393.07,1302.9,2870.12
392,761.83,7778.0,29.3,24221.99,9298.92,9192.3,11281.4,1885.9,1380.05,1322.9,2930.32
393,764.11,7824.1,31.89,24331.32,9220.35,9121.3,11354.3,1916.2,1355.53,1348.4,2929.8
394,751.97,7654.7,32.61,23875.89,9101.88,8979.7,11121.7,1876.7,1347.56,1345.2,2881.19
395,746.35,7578.7,35.28,23664.64,8984.86,8854.4,11000.0,1840.9,1346.93,1325.4,2848.42
396,773.21,7694.5,33.04,23883.09,8930.62,8809.1,11135.4,1863.1,1307.72,1313.0,2868.44
397,767.37,7644.2,27.57,23749.76,8834.11,8710.7,11056.3,1880.6,1333.69,1318.7,2842.74
398,759.08,7659.0,27.98,23723.69,8718.18,8605.0,11058.6,1877.5,1256.99,1307.8,2830.71
399,778.29,7862.5,31.44,24345.72,9000.51,8889.5,11372.3,1939.8,1237.55,1302.2,2912.43
400,798.48,8008.4,34.12,24633.86,8982.76,8914.7,11618.2,1972.1,1233.25,1338.0,2939.51
401,804.93,7871.7,33.61,24101.55,8677.6,8607.7,11319.7,1863.9,1275.54,1342.7,2863.39
402,805.8,7860.2,35.97,24133.78,8837.66,8730.2,11264.8,1824.8,1321.24,1307.2,2878.48
403,795.09,7724.0,37.19,23775.27,8786.6,8634.5,11017.9,1791.2,1329.64,1320.1,2836.74
404,790.75,7636.4,34.15,23515.26,8641.5,8494.8,10916.7,1775.9,1282.93,1306.3,2797.8
405,804.41,7630.4,31.23,23475.82,8664.63,8495.4,10908.6,1761.0,1263.01,1288.6,2799.31
406,780.99,7501.0,33.57,23018.88,8403.0,8263.2,10706.4,1731.8,1273.51,1288.4,2736.56
407,794.85,7673.6,33.29,23650.44,8726.51,8560.7,11003.9,1736.8,1263.97,1259.5,2823.16
408,823.98,7896.5,35.93,24242.49,8832.41,8650.1,11208.3,1739.8,1260.48,1299.4,2874.56
409,797.54,7659.7,41.38,23537.68,8757.83,8532.4,10818.0,1678.3,1310.66,1320.7,2799.55
410,796.95,7656.8,41.98,23504.35,8591.96,8393.2,10843.9,1706.9,1360.76,1292.9,2783.36
411,825.1,7830.9,45.41,23949.76,8692.16,8515.7,11172.2,1748.3,1298.08,1283.7,2846.06
412,801.39,7650.6,43.83,23390.77,8332.74,8192.4,10949.5,1729.2,1281.88,1307.1,2761.63
413,827.83,7804.7,38.15,23719.37,8238.53,8153.6,11136.6,1735.5,1233.05,1266.5,2789.82
414,789.15,7660.9,40.11,23433.57,8229.54,8090.9,10902.6,1661.6,1214.06,1271.2,2749.98
415,750.81,7380.3,40.84,22653.86,8049.31,7887.3,10537.0,1588.9,1201.52,1258.4,2659.41
416,758.06,7392.7,37.76,22679.99,8081.66,7913.2,10515.2,1583.4,1185.09,1222.8,2663.68
417,706.01,6873.0,41.17,21052.53,7528.11,7373.1,9880.6,1520.3,1213.35,1228.2,2488.65
418,729.36,7014.8,41.67,21413.44,7635.66,7487.3,10062.4,1557.6,1229.1,1151.6,2526.9
419,708.04,6866.1,43.35,20943.51,7486.29,7360.6,9844.8,1492.1,1178.09,1168.5,2470.5
420,756.16,7221.2,46.7,21917.16,7813.5,7700.1,10301.9,1537.0,1183.98,1139.3,2584.59
421,785.14,7365.3,45.24,22327.48,7889.01,7774.1,10434.7,1513.3,1237.33,1187.5,2626.65
422,758.93,7165.6,46.8,21636.78,7588.37,7502.4,10187.2,1487.2,1212.04,1204.1,2541.47
423,757.92,7412.4,50.91,22552.17,7897.13,7797.5,10536.3,1550.3,1246.73,1162.3,2630.07
424,697.96,6975.9,57.06,21200.55,7469.62,7384.3,9961.4,1516.2,1191.66,1204.5,2475.56
425,673.89,6797.8,53.54,20704.91,7553.83,7417.9,9658.3,1465.0,1139.17,1135.2,2447.33
426,610.89,6100.3,57.08,18591.93,7006.92,6860.7,8777.4,1336.4,1138.78,1130.4,2237.4
427,646.13,6304.7,65.54,19173.98,6994.29,6879.5,9133.2,1408.9,1052.05,1040.0,2304.92
428,695.92,6621.9,61.0,20087.19,7288.52,7150.6,9461.3,1399.6,1085.81,1065.7,2409.39
429,737.25,6638.9,63.95,19898.92,7175.18,6989.8,9384.6,1317.2,1071.99,1114.6,2398.1
430,769.69,7059.9,61.67,21237.38,7473.95,7334.8,10063.4,1503.1,1153.1,1110.6,2529.19
431,678.03,6596.7,61.59,20188.52,7020.38,6904.6,9567.5,1499.2,1158.32,1159.1,2386.13
432,762.6,7519.6,66.04,23185.62,7995.26,7874.9,10852.0,1602.3,1131.99,1094.1,2711.02
433,723.88,6924.4,72.0,21200.62,7263.65,7201.8,10060.8,1564.9,1180.32,1237.2,2480.64
434,812.44,7721.0,76.45,23553.22,8006.12,7952.0,11177.3,1775.7,1110.37,1123.4,2741.38
435,860.03,8172.3,75.91,25018.16,8372.26,8344.3,11793.3,1899.3,1096.56,1238.8,2882.23
436,852.8,7842.9,82.69,23851.02,7948.03,7950.7,11298.4,1875.9,1002.42,1300.5,2746.56
437,901.7,8503.1,57.83,25864.78,8530.34,8575.6,12352.0,2149.8,1013.89,1237.5,2972.37
438,908.14,8575.6,75.47,26121.28,8671.66,8738.6,12593.0,2192.7,1058.75,1335.5,3023.94
439,926.14,8900.5,53.9,27090.86,8949.28,9018.1,13010.0,2261.6,991.16,1356.1,3130.12
440,877.25,8520.3,47.3,25917.41,8594.49,8684.1,12542.7,2244.7,1106.51,1402.7,3003.37
441,886.52,8746.0,54.46,26703.32,8877.98,8952.2,12828.0,2265.9,1037.42,1346.2,3090.23
442,839.96,8394.6,41.94,25409.36,8461.83,8567.4,12381.0,2213.7,1209.46,1388.7,2954.22
443,865.47,8530.2,39.62,25766.64,8436.67,8566.5,12547.3,2210.3,1122.93,1324.4,2978.76
444,906.97,8909.8,31.99,26957.59,8873.76,8980.8,13046.6,2253.8,1264.3,1331.6,3116.39
445,915.77,8996.5,36.82,27081.36,8834.87,8965.6,13143.7,2301.2,1350.9,1395.4,3128.21
446,935.91,9296.9,33.42,27960.8,9079.63,9221.3,13534.1,2361.2,1313.44,1398.1,3225.89
447,948.74,9602.5,40.11,28992.41,9446.69,9576.6,13975.8,2406.9,1449.22,1440.3,3337.75
448,952.4,9679.1,39.16,29219.98,9627.83,9751.0,14061.5,2424.4,1478.82,1493.9,3373.23
449,950.01,9680.1,27.56,29348.03,9718.73,9817.2,14087.1,2425.7,1531.2,1511.3,3386.15
450,960.89,9661.4,27.85,29232.19,9629.8,9732.7,14039.0,2410.0,1486.08,1518.9,3370.29
451,955.35,9682.4,25.03,29398.08,9623.58,9731.2,14097.3,2403.3,1518.49,1511.1,3380.16
452,947.38,9700.5,17.08,29423.31,9595.7,9712.0,14099.0,2401.0,1476.43,1515.5,3373.94
453,938.12,9710.0,15.56,29551.42,9613.2,9726.0,14137.0,2411.1,1497.87,1513.2,3379.45
454,938.48,9636.7,14.38,29276.34,9517.86,9638.9,14054.1,2395.7,1552.76,1517.8,3357.75
455,934.97,9622.6,14.83,29276.82,9516.84,9628.4,13984.5,2381.3,1571.9,1508.3,3352.09
456,931.83,9581.7,13.68,29102.51,9401.1,9520.5,13931.9,2404.2,1628.1,1510.4,3327.71
457,935.16,9644.3,14.15,29379.77,9445.92,9572.2,14035.0,2433.5,1678.61,1498.1,3345.78
458,934.85,9638.3,13.74,29290.85,9367.48,9508.7,14024.9,2454.2,1696.07,1504.1,3334.69
459,930.34,9506.7,15.18,28807.63,9334.05,9468.0,13862.8,2420.8,1692.57,1496.1,3297.59
460,940.67,9406.7,15.04,28399.81,9126.23,9273.4,13677.9,2411.7,1683.52,1479.8,3248.92
461,938.57,9370.3,15.47,28256.03,8991.51,9150.9,13614.1,2431.4,1687.58,1457.5,3225.52
462,943.03,9550.5,14.96,28859.44,9136.09,9298.9,13861.9,2467.6,1687.58,1446.7,3283.66
463,935.1,9527.5,15.15,28734.45,9101.61,9275.2,13843.8,2468.1,1693.74,1471.2,3273.4
464,933.09,9512.1,16.05,28722.85,9090.93,9269.7,13877.6,2477.7,1689.38,1466.7,3276.24
465,929.65,9456.3,17.97,28535.8,8952.18,9139.3,13769.6,2478.9,1677.51,1465.6,3243.63
466,931.94,9603.2,18.84,28989.73,9141.47,9314.9,13978.5,2529.6,1667.67,1451.2,3295.47
467,928.57,9647.4,15.49,29160.09,9216.98,9402.5,14102.0,2558.5,1656.78,1474.4,3325.54
468,919.96,9606.0,16.39,29186.27,9188.58,9383.8,14110.2,2562.6,1677.46,1487.2,3321.75
469,917.1,9618.7,16.28,29196.04,9166.63,9370.8,14110.0,2582.1,1681.92,1486.7,3320.79
470,908.3,9675.0,18.23,29348.1,9173.73,9388.9,14183.2,2622.1,1656.77,1485.7,3329.62
471,900.42,9656.4,14.56,29297.64,9125.0,9357.1,14141.8,2626.9,1632.21,1489.6,3316.81
472,895.82,9573.6,12.98,29030.22,9035.67,9258.7,14053.2,2601.3,1614.06,1483.5,3289.29
473,882.07,9524.5,12.91,28939.67,9033.42,9251.3,14037.1,2576.4,1648.22,1472.2,3283.15
474,879.69,9492.3,12.85,28907.05,9070.65,9273.9,14042.7,2576.8,1649.22,1469.5,3288.13
475,874.1,9447.2,12.1,28823.77,8966.64,9178.9,13958.0,2581.0,1658.31,1473.1,3265.35
476,872.65,9481.0,12.32,28956.9,8989.63,9203.4,13997.7,2571.3,1644.14,1462.1,3274.7
477,868.91,9424.7,12.42,28745.09,8912.37,9129.2,13934.4,2558.8,1662.23,1466.5,3253.05
478,868.6,9372.8,12.39,28583.68,8846.45,9068.6,13898.5,2585.4,1685.01,1455.5,3237.18
479,870.03,9390.1,12.32,28703.38,8848.51,9071.5,13941.8,2585.9,1684.46,1447.4,3246.28
480,867.44,9385.6,12.56,28634.88,8793.9,9020.8,13917.0,2568.1,1685.9,1452.8,3234.85
481,866.82,9446.8,12.54,28868.8,8872.22,9092.2,14002.5,2568.6,1699.64,1446.5,3257.85
482,879.17,9386.5,13.45,28538.44,8733.07,8972.6,13913.0,2552.6,1699.64,1458.1,3230.78
483,875.41,9359.3,13.79,28462.14,8709.73,8946.0,13876.2,2543.9,1705.22,1442.2,3221.29
484,876.22,9409.0,13.85,28645.26,8770.98,9006.6,13944.1,2533.9,1682.4,1438.1,3240.02
485,874.33,9404.0,14.02,28621.39,8778.31,9022.4,13940.4,2552.5,1675.74,1447.5,3239.91
486,871.56,9371.2,12.47,28515.45,8699.51,8952.9,13895.1,2541.7,1669.61,1447.3,3223.38
487,870.15,9374.9,13.78,28551.53,8696.01,8945.7,13900.0,2536.8,1657.64,1437.1,3224.01
488,878.26,9368.8,14.82,28455.09,8678.49,8925.0,13889.3,2501.9,1664.99,1438.0,3221.22
489,871.87,9321.7,13.43,28376.96,8641.29,8887.2,13831.7,2509.3,1663.59,1435.7,3205.37
490,871.9,9290.1,12.65,28239.28,8580.62,8827.7,13799.2,2496.5,1658.31,1429.9,3191.14
491,867.99,9309.4,12.67,28267.16,8575.7,8823.4,13795.3,2484.4,1663.26,1423.1,3192.52
492,867.33,9299.7,12.61,28235.89,8570.33,8814.2,13795.2,2478.9,1660.87,1425.1,3191.45
493,856.85,9241.8,12.51,28135.38,8487.71,8734.9,13697.3,2473.6,1666.77,1423.8,3168.8
494,849.68,9230.9,12.5,28132.05,8466.89,8717.3,13697.4,2460.9,1668.47,1413.6,3168.57
495,855.01,9175.0,12.58,27911.3,8402.61,8654.0,13579.9,2456.3,1664.15,1412.6,3141.63
496,852.58,9154.4,12.29,27881.72,8354.29,8616.2,13545.3,2453.5,1669.03,1400.8,3132.52
497,851.78,9168.2,12.14,27909.6,8362.74,8621.8,13555.1,2447.4,1677.67,1396.8,3135.96
498,855.04,9201.2,12.63,28015.06,8397.37,8656.5,13588.3,2453.5,1678.01,1398.3,3145.91
499,856.86,9111.6,13.94,27677.79,8308.4,8570.7,13482.3,2421.3,1674.14,1402.3,3117.43
500,855.8,9104.2,14.99,27649.78,8296.53,8566.7,13458.0,2419.8,1671.9,1388.6,3112.76
501,850.67,9050.7,15.68,27502.81,8254.74,8520.6,13366.1,2404.5,1667.09,1386.4,3093.2
502,845.88,9145.6,15.86,27783.04,8309.26,8568.0,13448.3,2441.0,1661.73,1377.8,3113.87
503,851.72,9233.8,13.62,28051.41,8403.68,8665.5,13545.2,2447.0,1657.56,1387.4,3140.98
504,852.87,9276.5,14.52,28164.0,8444.71,8705.2,13607.6,2459.5,1649.94,1398.6,3153.63
505,852.18,9272.0,14.8,28121.68,8385.75,8647.9,13559.7,2449.2,1637.98,1404.2,3140.52
506,848.88,9250.8,15.96,28066.47,8371.93,8632.5,13532.9,2446.9,1644.81,1397.8,3133.64
507,851.25,9183.9,14.91,27875.62,8272.05,8519.9,13441.0,2430.6,1631.93,1395.0,3110.29
508,851.37,9141.1,12.62,27766.29,8265.62,8506.2,13406.4,2444.1,1631.71,1384.8,3103.54
509,855.01,9161.2,11.75,27821.09,8283.75,8526.7,13419.3,2429.7,1629.62,1381.3,3108.46
510,848.31,9202.9,11.54,27934.02,8338.74,8570.7,13466.3,2429.7,1633.84,1382.0,3120.18
511,850.54,9233.3,11.87,28036.22,8328.48,8549.9,13483.8,2442.8,1614.83,1387.6,3122.03
512,848.47,9222.9,12.34,28004.89,8315.52,8540.8,13493.0,2470.2,1613.9,1390.3,3120.46
513,845.53,9173.8,13.13,27781.96,8257.83,8479.0,13392.0,2447.6,1602.63,1388.8,3096.63
514,844.31,9165.8,12.78,27783.59,8259.81,8482.1,13385.0,2457.8,1607.58,1378.3,3094.04
515,832.2,9150.8,12.86,27691.49,8263.79,8486.1,13387.6,2476.3,1624.5,1378.8,3091.84
516,829.75,9161.2,12.46,27691.49,8241.91,8464.3,13388.1,2499.0,1634.1,1378.6,3087.01
517,835.3,9177.5,12.05,27681.24,8255.89,8475.3,13407.8,2503.7,1624.23,1376.6,3093.08
518,838.34,9187.0,13.05,27674.8,8219.65,8434.5,13395.5,2510.1,1621.9,1379.1,3085.18
519,850.36,9161.1,13.0,27492.56,8196.03,8410.6,13351.6,2500.8,1588.94,1374.8,3076.78
520,848.26,9161.5,12.68,27492.63,8210.17,8434.7,13339.6,2508.5,1583.96,1369.8,3074.62
521,856.93,9157.1,12.69,27462.11,8210.66,8433.2,13355.4,2491.4,1591.61,1369.1,3078.27
522,867.83,9103.4,12.07,27347.36,8161.17,8386.4,13300.3,2476.5,1598.29,1369.4,3066.91
523,867.52,8994.2,12.73,27046.23,8083.83,8292.4,13171.8,2451.0,1592.34,1363.0,3037.56
524,860.1,9037.3,12.62,27186.69,8083.11,8304.0,13244.0,2456.6,1596.45,1349.8,3046.77
525,855.03,9046.5,13.1,27071.42,8047.51,8276.8,13209.6,2465.3,1588.79,1351.8,3036.89
526,854.55,9054.4,12.83,27090.72,8110.67,8326.0,13186.4,2462.2,1589.18,1345.8,3039.42
527,866.92,9052.3,12.3,26958.06,8029.22,8243.1,13146.2,2480.2,1595.12,1350.6,3022.55
528,879.82,9008.5,13.22,26805.53,7966.72,8185.8,13118.9,2471.9,1594.77,1340.7,3010.29
529,876.46,9018.5,12.33,26833.95,7889.47,8119.8,13114.4,2471.1,1598.86,1333.2,3004.52
530,873.27,9008.3,13.2,26788.1,7874.62,8104.3,13071.9,2464.6,1593.99,1331.0,2995.99
531,868.22,8986.3,13.11,26827.64,7940.33,8163.0,13088.6,2459.8,1589.54,1327.6,3006.72
532,866.01,8940.8,12.65,26770.2,7868.49,8089.5,13006.6,2440.3,1599.61,1331.6,2986.2
533,862.34,8980.3,13.71,27025.88,7942.14,8156.9,13039.2,2437.1,1597.4,1321.6,2997.95
534,859.4,8956.8,14.01,27001.98,7920.21,8124.2,12994.9,2424.8,1589.33,1329.8,2989.69
535,857.1,8947.1,14.46,27024.8,7942.85,8148.7,13006.0,2429.9,1562.45,1326.7,2995.68
536,859.8,8879.0,14.0,26787.36,7842.33,8048.6,12896.2,2426.5,1572.85,1328.4,2966.15
537,866.66,8904.8,14.25,26816.59,7843.88,8057.0,12926.9,2431.6,1577.07,1314.6,2970.27
538,872.2,8806.0,13.79,26496.67,7740.36,7950.8,12766.0,2402.4,1571.93,1315.8,2938.13
539,873.47,8753.1,13.68,26346.01,7690.53,7903.7,12691.2,2395.6,1558.71,1302.4,2919.4
540,868.17,8684.3,13.54,26164.04,7604.27,7823.8,12590.9,2386.7,1550.18,1294.1,2893.06
541,876.22,8798.5,14.57,26478.02,7725.13,7956.3,12777.7,2427.5,1552.86,1282.8,2938.79
542,880.5,8827.9,15.58,26573.72,7754.1,7982.5,12831.5,2448.9,1550.87,1301.9,2952.01
543,867.45,8710.7,17.57,26201.04,7638.4,7872.3,12685.8,2433.3,1550.14,1307.0,2910.63
544,864.1,8672.3,18.64,26078.62,7550.79,7785.2,12608.4,2434.9,1535.48,1287.7,2887.61
545,874.26,8835.5,20.28,26573.04,7684.14,7908.7,12835.3,2470.6,1541.84,1276.9,2940.25
546,878.66,8961.2,17.86,26916.83,7749.45,7999.3,13004.7,2488.2,1525.06,1300.7,2976.74
547,876.46,8933.9,17.04,26820.25,7681.58,7939.6,12972.0,2499.9,1523.3,1315.3,2961.79
548,879.11,8966.7,19.12,26891.12,7771.99,8030.7,13028.7,2507.0,1505.43,1308.7,2977.62
549,874.48,8978.6,20.56,26970.71,7803.54,8077.4,13037.6,2531.9,1511.9,1314.0,2984.87
550,874.74,8926.7,18.56,26807.77,7710.04,7993.6,12992.3,2547.5,1485.36,1318.6,2966.6
551,864.33,8945.3,16.24,26949.99,7818.61,8112.5,13085.3,2568.3,1479.46,1308.8,2991.78
552,862.9,8955.0,17.22,26935.07,7823.55,8117.7,13093.8,2570.3,1472.6,1321.2,2992.07
553,859.69,8990.3,16.07,27094.79,7901.79,8182.9,13111.3,2562.5,1497.79,1321.7,3006.79
554,856.2,9009.2,15.96,27147.08,7888.56,8177.4,13119.3,2572.4,1500.7,1328.7,3006.73
555,854.32,9026.4,17.05,27110.8,7888.79,8186.0,13131.4,2571.4,1486.35,1328.1,3005.7
556,846.56,9010.9,14.91,27076.82,7852.41,8153.5,13108.0,2564.0,1479.63,1327.1,2997.96
557,846.99,9056.7,15.32,27219.52,7892.96,8176.7,13124.3,2536.6,1493.43,1324.3,3007.39
558,853.11,9039.5,14.05,27182.45,7917.34,8194.5,13116.0,2528.9,1523.37,1331.0,3009.57
559,852.36,9039.6,13.95,27137.04,7887.58,8169.7,13082.4,2538.7,1520.48,1332.0,3000.93
560,844.45,8962.6,14.44,26909.43,7814.74,8084.1,12994.0,2520.1,1533.33,1327.9,2979.39
561,844.34,8913.9,14.67,26835.51,7832.4,8087.4,12960.7,2480.4,1550.65,1317.4,2978.43
562,848.3,8869.8,13.74,26797.46,7852.54,8103.1,12933.4,2462.4,1533.59,1316.8,2978.71
563,849.45,8872.9,14.22,26728.15,7862.54,8116.8,12917.8,2462.7,1558.25,1315.7,2976.0
564,860.92,8767.7,14.61,26355.47,7719.25,7976.9,12796.3,2443.6,1559.76,1315.5,2937.78
565,860.85,8696.6,15.2,26118.02,7609.51,7874.2,12663.4,2408.6,1561.47,1297.5,2906.27
566,845.52,8751.9,15.27,26403.28,7691.0,7962.9,12736.9,2419.6,1568.34,1283.0,2926.46
567,845.28,8739.0,15.0,26362.25,7702.31,7973.4,12704.0,2418.3,1578.29,1292.4,2924.58
568,840.47,8625.7,16.27,26036.1,7587.9,7856.9,12559.2,2399.1,1584.6,1291.8,2887.94
569,843.13,8544.5,17.33,25777.9,7566.03,7827.0,12474.0,2374.7,1578.14,1276.2,2869.16
570,842.4,8587.6,19.66,25898.83,7575.02,7853.7,12519.6,2378.4,1575.07,1268.1,2878.38
571,832.03,8496.7,18.98,25628.9,7465.0,7751.8,12416.5,2364.9,1575.71,1271.8,2847.11
572,840.39,8702.2,17.88,26252.24,7707.43,7991.4,12688.5,2404.5,1542.99,1256.9,2922.95
573,840.1,8699.5,19.35,26202.73,7733.22,8020.2,12697.0,2426.2,1524.23,1291.3,2924.43
574,834.45,8621.6,20.31,25962.44,7664.47,7948.6,12599.4,2410.1,1505.17,1292.1,2900.51
575,836.4,8674.3,19.32,26135.79,7719.32,8002.8,12687.9,2418.9,1510.75,1280.8,2923.65
576,831.22,8592.8,19.87,25886.01,7604.11,7896.0,12580.4,2400.5,1484.76,1291.3,2888.68
577,828.66,8486.4,16.68,25579.39,7484.89,7766.6,12409.5,2375.5,1472.28,1275.2,2847.6
578,818.21,8464.7,15.8,25479.42,7490.13,7773.9,12368.0,2382.7,1494.84,1256.8,2840.6
579,825.24,8695.7,17.5,26279.91,7728.15,8016.4,12724.4,2426.2,1496.72,1255.1,2926.32
580,824.79,8597.1,16.88,25907.37,7561.68,7863.4,12586.2,2426.5,1472.71,1292.6,2883.75
581,826.3,8711.6,18.47,26287.44,7646.27,7959.1,12748.4,2442.4,1456.04,1272.4,2918.65
582,825.02,8751.5,21.18,26378.19,7724.83,8039.2,12828.8,2453.2,1476.0,1287.7,2938.09
583,817.24,8629.2,22.1,26007.07,7551.9,7862.8,12633.0,2416.7,1459.49,1296.7,2883.98
584,814.22,8632.7,17.52,26029.52,7521.32,7833.3,12628.1,2420.0,1506.0,1273.0,2881.77
585,803.29,8525.0,21.09,25717.74,7415.69,7726.0,12497.3,2399.0,1509.85,1273.3,2844.74
586,817.87,8769.5,17.97,26485.01,7692.8,8004.1,12839.5,2463.9,1498.01,1257.0,2932.05
587,816.57,8798.4,16.91,26583.42,7801.15,8111.1,12920.8,2507.5,1508.85,1296.7,2953.56
588,808.94,8895.2,19.49,26864.27,7848.78,8175.4,13066.6,2539.6,1493.64,1305.7,2980.38
589,811.65,8981.7,20.17,27198.02,7952.47,8273.6,13187.2,2556.0,1461.65,1317.1,3013.18
590,818.86,8997.5,24.59,27221.35,7989.08,8293.3,13222.6,2543.1,1467.52,1332.7,3020.97
591,815.76,8986.4,17.61,27192.45,8016.95,8330.2,13235.5,2548.3,1510.58,1337.8,3025.86
592,812.33,8952.6,17.87,27140.98,7929.87,8238.5,13169.3,2547.3,1494.28,1339.9,3003.67
593,815.06,8999.7,16.12,27269.97,8010.6,8321.5,13234.9,2592.5,1513.04,1328.0,3019.56
594,813.07,8998.9,13.94,27349.19,7954.56,8251.4,13197.5,2563.0,1532.13,1334.5,3005.47
595,818.58,8954.9,12.83,27171.9,7905.12,8204.1,13109.8,2578.7,1500.69,1328.5,2985.03
596,820.08,8950.3,12.16,27154.2,7834.9,8146.5,13112.0,2566.6,1502.09,1320.1,2976.61
597,831.33,8969.9,12.74,27222.97,7904.13,8207.2,13168.7,2568.6,1487.41,1315.4,2995.11
598,824.58,8929.2,12.07,27219.85,7888.76,8185.2,13120.0,2556.6,1533.66,1323.7,2984.42
599,821.47,9028.1,12.61,27335.63,7927.08,8222.8,13195.2,2580.6,1550.76,1319.8,3004.04
600,826.25,9000.2,13.53,27359.16,7966.93,8258.2,13233.4,2593.0,1574.6,1328.2,3014.3
601,824.3,8999.1,14.45,27332.03,7943.24,8244.1,13234.8,2601.6,1585.6,1333.2,3013.77
602,828.53,8907.6,13.53,27088.08,7896.78,8196.0,13198.7,2592.6,1569.03,1332.3,2999.91
603,828.09,8842.3,13.97,26860.2,7903.4,8202.5,13173.3,2588.4,1578.97,1326.7,2993.07
604,825.32,8832.7,12.86,26783.49,7826.86,8141.7,13136.9,2574.2,1561.45,1324.5,2979.63
605,824.52,8851.9,12.68,26806.14,7785.79,8098.4,13147.2,2572.5,1580.42,1316.8,2975.95
606,822.49,8885.0,12.39,26922.12,7841.3,8161.8,13210.9,2569.6,1554.96,1314.4,2990.41
607,824.13,8904.5,12.93,26966.0,7857.69,8170.2,13239.9,2569.8,1544.78,1320.8,2995.82
608,818.0,8837.2,13.03,26786.68,7799.82,8109.1,13152.5,2575.4,1547.9,1323.2,2973.01
609,807.77,8823.3,14.09,26717.43,7768.14,8091.2,13127.7,2582.8,1555.62,1313.6,2964.33
610,810.66,8796.8,13.96,26599.96,7671.07,8006.2,13049.7,2574.6,1550.78,1307.9,2941.76
611,805.35,8740.4,13.28,26526.58,7657.05,7967.8,12965.3,2553.4,1562.0,1297.5,2924.92
612,804.66,8713.1,12.57,26536.82,7627.05,7910.0,12912.0,2560.4,1561.82,1292.3,2913.78
613,821.4,8731.7,12.93,26548.22,7591.54,7884.7,12936.7,2547.1,1570.0,1288.8,2917.38
614,827.39,8795.6,14.06,26727.54,7723.02,8005.7,13020.0,2566.3,1557.92,1288.6,2945.35
615,826.33,8825.0,15.08,26719.13,7728.78,8031.7,13047.2,2566.0,1565.05,1302.8,2950.46
616,821.88,8836.2,15.82,26753.17,7738.06,8051.3,13081.5,2580.7,1562.59,1304.4,2954.18
617,817.68,8765.8,16.21,26504.0,7667.74,7987.3,12954.1,2539.8,1561.39,1305.1,2926.46
618,810.76,8741.3,16.28,26465.54,7635.4,7953.9,12907.5,2525.1,1575.62,1292.3,2917.75
619,814.05,8653.9,15.26,26112.53,7526.52,7845.0,12775.5,2506.7,1572.12,1289.7,2889.67
620,815.55,8674.9,15.4,26089.61,7479.11,7796.7,12787.2,2497.3,1560.54,1277.3,2886.98
621,807.58,8672.5,14.75,26106.77,7510.68,7837.1,12827.5,2507.4,1569.66,1274.4,2891.64
622,805.78,8628.4,14.33,26004.83,7472.29,7792.7,12784.8,2485.9,1566.57,1275.4,2879.84
623,796.46,8609.3,15.15,26048.51,7513.85,7822.6,12813.9,2500.2,1546.55,1270.4,2885.72
624,801.38,8628.2,15.35,26062.68,7501.93,7823.2,12802.0,2505.9,1517.78,1273.6,2886.73
625,806.6,8603.3,15.28,25983.94,7417.29,7742.1,12765.9,2514.2,1521.04,1272.6,2873.34
626,812.91,8551.1,15.82,25720.66,7275.93,7615.5,12675.7,2504.9,1530.08,1265.7,2843.49
627,810.15,8531.3,15.91,25539.57,7220.9,7575.5,12614.7,2483.5,1549.63,1250.2,2826.15
628,793.18,8442.0,15.99,25332.18,7166.75,7527.1,12560.6,2479.0,1563.49,1241.5,2803.27
629,791.77,8272.5,15.94,24819.78,6978.02,7333.0,12341.8,2460.7,1555.58,1232.9,2744.45
630,784.43,8253.5,16.3,24815.04,7127.96,7453.1,12264.5,2442.6,1550.23,1206.8,2752.06
631,781.6,8356.3,15.93,25169.88,7245.4,7567.7,12393.7,2456.7,1532.75,1215.0,2788.86
632,781.83,8349.1,16.09,25126.41,7216.86,7547.3,12386.2,2468.4,1522.5,1233.7,2783.02
633,791.96,8426.2,16.97,25347.77,7278.38,7607.4,12465.9,2458.8,1535.8,1232.0,2802.39
634,804.71,8523.0,18.86,25585.69,7300.96,7637.0,12581.4,2490.0,1519.79,1241.0,2826.06
635,807.22,8516.7,18.71,25490.47,7307.93,7628.3,12525.0,2485.0,1519.11,1250.7,2822.24
636,800.52,8593.4,17.3,25776.61,7420.66,7750.8,12672.0,2544.9,1523.56,1249.3,2856.27
637,791.93,8634.8,17.9,25877.33,7451.02,7785.7,12720.7,2569.6,1514.39,1264.2,2864.36
638,791.19,8585.2,17.5,25679.9,7376.7,7702.4,12616.8,2550.6,1503.54,1267.8,2840.23
639,790.23,8605.9,15.85,25764.0,7503.68,7816.3,12657.6,2551.7,1506.79,1258.8,2859.53
640,786.32,8641.8,16.92,25862.68,7580.14,7898.0,12738.4,2572.8,1508.56,1267.4,2876.32
641,780.91,8563.1,14.75,25648.02,7503.25,7822.1,12652.3,2561.8,1469.98,1274.3,2850.96
642,780.77,8536.4,14.95,25532.05,7401.88,7734.5,12620.0,2548.9,1465.49,1262.3,2834.41
643,786.63,8475.8,16.31,25324.99,7324.13,7647.0,12526.7,2523.6,1485.53,1252.4,2811.87
644,777.46,8640.1,15.96,25942.37,7586.53,7916.9,12788.1,2576.9,1489.95,1243.5,2881.4
645,765.1,8601.0,15.29,25828.36,7582.75,7910.6,12731.3,2550.3,1504.02,1275.1,2870.72
646,765.94,8631.4,16.44,25967.33,7617.55,7943.3,12766.7,2543.8,1514.11,1271.2,2879.42
647,775.14,8654.7,18.06,25965.09,7640.15,7963.8,12778.5,2553.1,1501.38,1276.4,2884.05
648,778.02,8799.7,20.55,26438.48,7794.09,8123.3,12976.7,2561.3,1531.63,1278.8,2932.47
649,783.1,8833.8,16.04,26504.95,7845.73,8164.0,13037.9,2562.5,1545.25,1300.4,2945.64
650,777.97,8750.3,19.1,26307.79,7724.06,8036.8,12929.6,2542.4,1524.96,1306.7,2917.52
651,780.39,8751.3,19.4,26430.14,7751.85,8049.6,12946.1,2558.2,1535.76,1292.9,2923.73
652,790.0,8839.5,19.32,26592.91,7781.46,8095.4,13060.7,2573.6,1557.24,1297.7,2945.83
653,777.47,8800.8,15.44,26554.39,7839.04,8161.9,13008.1,2579.3,1548.27,1305.2,2943.03
654,782.52,8823.7,12.87,26543.33,7826.68,8146.4,12991.2,2590.2,1543.06,1307.1,2939.88
655,780.38,8796.6,14.42,26462.08,7816.92,8118.7,12913.0,2591.8,1523.0,1304.2,2926.17
656,776.85,8869.8,14.8,26597.05,7784.41,8102.0,12951.6,2602.6,1572.99,1298.5,2927.25
657,772.93,8853.5,13.12,26656.39,7810.71,8120.8,12993.8,2629.0,1570.06,1297.0,2933.68
658,770.94,8816.6,13.11,26511.05,7713.49,8015.3,12914.3,2606.0,1574.97,1301.6,2907.97
659,772.13,8830.4,12.73,26559.54,7689.72,7998.1,12922.7,2588.2,1582.31,1290.7,2905.03
660,770.58,8795.4,13.25,26449.54,7680.72,7996.1,12907.1,2598.8,1614.98,1287.4,2900.45
661,771.69,8774.8,13.14,26452.66,7654.73,8000.2,12952.2,2592.4,1614.02,1286.1,2907.06
662,782.09,8779.3,12.28,26384.77,7629.12,7976.0,12956.7,2589.1,1582.65,1285.1,2905.58
663,783.56,8807.0,12.42,26412.3,7628.15,7984.2,12969.5,2601.5,1576.38,1281.6,2907.41
664,777.47,8717.4,12.09,26143.05,7594.89,7947.4,12887.1,2595.8,1591.21,1281.1,2888.32
665,773.51,8693.7,12.09,26157.16,7611.49,7964.2,12887.4,2595.3,1598.36,1273.2,2888.21
666,776.22,8686.8,12.6,26150.58,7568.49,7909.3,12849.7,2569.2,1591.82,1273.8,2878.2
667,774.8,8741.8,12.18,26341.02,7599.74,7953.9,12943.3,2583.0,1575.61,1270.7,2895.77
668,780.29,8765.6,12.32,26424.99,7578.84,7938.7,12927.7,2555.5,1588.13,1277.6,2892.74
669,772.35,8733.6,12.01,26384.63,7540.57,7891.8,12868.7,2541.0,1585.09,1275.5,2879.39
670,774.85,8696.5,13.02,26218.13,7544.97,7895.5,12833.6,2524.7,1560.04,1271.4,2873.4
671,775.44,8686.6,13.3,26179.13,7499.64,7848.7,12819.0,2544.4,1565.75,1268.1,2867.24
672,774.45,8703.8,14.28,26258.42,7478.42,7828.9,12836.0,2548.2,1567.6,1266.0,2867.19
673,778.72,8598.5,13.18,25928.68,7378.77,7729.3,12696.9,2543.6,1582.79,1265.9,2834.4
674,774.06,8530.7,12.82,25717.46,7320.47,7669.2,12632.6,2515.0,1579.17,1251.6,2815.44
675,783.74,8505.0,13.58,25625.59,7308.19,7643.4,12591.7,2509.4,1584.8,1243.5,2805.37
676,789.51,8502.5,13.74,25657.73,7351.15,7691.5,12641.4,2532.2,1579.14,1240.1,2818.46
677,784.0,8442.8,13.36,25516.83,7316.96,7637.5,12535.7,2511.9,1581.55,1246.2,2798.36
678,784.26,8451.5,13.4,25502.32,7326.06,7642.7,12539.4,2518.9,1559.68,1237.2,2800.71
679,779.35,8580.1,13.71,25962.51,7493.27,7839.0,12782.5,2568.6,1579.0,1239.1,2854.88
680,770.92,8492.9,14.43,25745.67,7380.75,7729.0,12700.3,2558.1,1582.56,1262.9,2824.23
681,768.2,8543.5,15.15,25887.38,7349.28,7724.0,12760.8,2550.7,1567.49,1251.3,2832.57
682,776.77,8593.5,14.68,25914.1,7326.28,7714.5,12781.4,2575.4,1560.91,1252.6,2832.94
683,779.36,8563.6,16.33,25848.87,7306.99,7688.5,12715.8,2553.4,1553.32,1252.1,2822.48
684,776.63,8539.5,16.48,25709.94,7243.01,7630.9,12660.2,2554.0,1556.06,1247.5,2808.48
685,777.23,8543.9,13.63,25702.89,7256.98,7643.4,12674.3,2559.9,1539.74,1240.8,2810.92
686,776.35,8491.5,13.91,25554.66,7201.28,7591.0,12582.8,2545.5,1535.1,1242.0,2791.52
687,771.11,8511.2,13.56,25650.88,7164.02,7558.1,12561.3,2521.1,1522.23,1232.9,2783.3
688,765.3,8420.5,13.1,25450.24,7015.69,7408.1,12415.1,2503.4,1528.17,1229.6,2743.07
689,762.38,8429.2,12.88,25473.23,7026.88,7421.5,12443.4,2499.3,1512.86,1211.0,2748.93
690,760.09,8484.3,13.5,25673.46,7112.47,7505.9,12538.0,2487.7,1505.92,1212.9,2771.45
691,760.33,8521.4,13.41,25806.63,7156.78,7576.4,12624.5,2509.6,1562.41,1223.1,2789.65
692,761.44,8544.2,13.77,25819.65,7150.83,7577.6,12637.3,2499.7,1543.16,1229.8,2792.81
693,759.16,8592.8,14.33,26026.32,7151.57,7595.4,12700.7,2481.3,1554.99,1229.4,2803.69
694,756.34,8567.6,16.05,25916.0,7097.52,7532.5,12644.8,2496.6,1563.93,1232.4,2784.49
695,754.71,8583.1,16.59,25985.16,7117.01,7554.5,12689.9,2516.8,1553.54,1223.6,2792.38
696,753.29,8606.0,15.74,26057.98,7123.22,7549.3,12686.6,2493.1,1549.63,1227.7,2793.9
697,753.05,8620.3,14.74,26091.95,7115.43,7554.5,12700.2,2511.2,1555.88,1228.5,2796.11
698,757.24,8618.2,14.63,26031.81,7090.62,7527.5,12694.5,2525.8,1549.83,1228.4,2792.67
699,750.95,8580.4,13.57,25850.63,7035.16,7459.7,12621.8,2514.8,1548.88,1225.1,2774.88
700,745.94,8590.0,14.78,25954.44,7062.34,7489.1,12673.7,2527.5,1521.88,1217.4,2784.7
701,743.2,8570.8,14.7,25891.32,7066.61,7486.8,12628.4,2540.4,1523.63,1221.7,2779.76
702,738.52,8550.1,15.17,25883.25,7055.18,7472.4,12603.5,2511.8,1536.82,1219.9,2775.6
703,735.43,8453.1,14.85,25439.39,7022.42,7427.0,12440.2,2485.7,1568.28,1218.0,2745.73
704,737.34,8467.8,13.51,25543.27,7015.88,7420.4,12474.9,2492.4,1575.44,1204.8,2753.03
705,739.24,8437.9,14.46,25425.76,7014.67,7414.6,12438.4,2490.1,1589.64,1208.8,2744.73
706,737.69,8333.8,14.02,25053.11,6909.19,7307.9,12297.9,2475.4,1575.55,1205.7,2709.8
707,739.86,8320.9,14.88,25106.33,6913.13,7298.2,12292.1,2473.6,1581.05,1189.6,2707.88
708,736.0,8330.4,14.91,25169.53,6904.98,7288.4,12295.2,2489.1,1577.48,1190.2,2706.05
709,726.3,8361.6,16.22,25390.3,6997.62,7375.3,12398.7,2501.9,1588.81,1190.8,2731.61
710,727.24,8371.8,15.65,25411.52,7023.52,7402.1,12428.3,2524.8,1590.06,1204.4,2737.7
711,726.32,8328.2,15.43,25239.37,6959.96,7347.5,12381.8,2536.9,1575.55,1207.6,2724.87
712,724.66,8273.6,15.97,25063.89,6875.52,7263.9,12329.7,2515.4,1581.66,1200.8,2706.53
713,727.25,8252.4,15.72,24999.67,6906.84,7281.7,12299.0,2533.9,1574.47,1191.7,2704.1
714,712.1,8231.6,16.37,25014.86,6807.91,7183.1,12222.4,2524.3,1569.25,1191.7,2681.05
715,707.15,8115.7,15.38,24579.96,6632.79,7028.3,12090.8,2486.2,1545.11,1180.6,2640.0
716,704.51,8091.2,15.57,24528.22,6697.09,7085.7,12065.1,2489.8,1542.94,1160.7,2643.85
717,708.2,8138.0,15.73,24737.2,6787.37,7164.9,12127.3,2471.9,1538.23,1164.4,2664.76
718,717.96,8103.9,16.14,24553.24,6702.55,7073.5,12029.5,2452.3,1518.98,1176.1,2642.33
719,714.97,8079.8,16.57,24575.62,6658.76,7025.8,12020.9,2437.6,1506.39,1167.4,2638.7
720,707.81,8052.5,17.66,24404.48,6646.81,7020.4,11999.4,2431.7,1505.63,1167.8,2632.9
721,706.65,8148.5,19.13,24706.35,6784.61,7157.2,12151.8,2479.2,1518.02,1163.8,2670.71
722,705.47,8027.7,18.87,24370.1,6718.45,7084.5,11994.5,2472.4,1520.23,1181.6,2635.96
723,702.94,7959.7,17.42,24207.16,6668.56,7034.7,11907.6,2459.4,1517.54,1167.9,2616.1
724,701.69,7919.1,18.89,24065.59,6669.64,7023.8,11868.7,2465.3,1502.05,1159.9,2610.3
725,695.08,7893.6,19.52,23909.84,6541.04,6905.9,11799.1,2440.6,1499.42,1157.4,2582.61
726,713.86,7940.4,20.8,23995.95,6601.4,6971.5,11848.0,2436.4,1486.94,1143.9,2596.26
727,717.04,7946.8,17.8,24001.92,6620.94,6986.1,11839.3,2455.8,1471.45,1149.3,2596.64
728,707.29,7897.7,18.06,23879.12,6600.69,6957.1,11778.4,2449.3,1473.54,1149.5,2584.96
729,711.43,7857.5,19.04,23787.45,6551.85,6897.0,11716.2,2433.4,1482.85,1146.7,2574.41
730,704.45,7763.2,18.6,23531.35,6488.25,6823.5,11606.0,2399.4,1464.41,1143.9,2549.69
731,711.91,7741.1,19.07,23433.16,6422.67,6738.9,11533.3,2377.8,1454.26,1133.2,2531.94
732,701.55,7504.2,18.19,22686.22,6147.13,6463.5,11190.4,2321.6,1457.45,1126.6,2447.89
733,701.04,7701.2,19.5,23346.24,6360.87,6665.9,11383.5,2321.8,1482.5,1088.0,2510.03
734,712.93,7710.4,19.98,23327.46,6329.97,6635.3,11374.4,2292.3,1467.25,1118.1,2506.85
735,711.94,7644.0,20.47,23062.4,6285.27,6584.5,11291.0,2281.3,1454.7,1113.9,2485.74
736,710.89,7666.8,21.4,23138.82,6288.3,6579.5,11285.3,2274.2,1445.22,1104.3,2488.83
737,703.51,7592.6,21.38,22878.45,6262.77,6554.4,11204.1,2281.9,1432.81,1105.2,2467.7
738,692.0,7261.5,25.45,21792.2,5899.35,6192.9,10769.8,2200.3,1447.38,1096.9,2351.1
739,722.38,7490.6,23.22,22445.37,6046.56,6333.0,11036.8,2244.9,1445.43,1042.8,2416.62
740,729.42,7616.5,25.42,22859.6,6243.19,6528.4,11222.8,2279.4,1438.81,1071.3,2467.42
741,726.76,7727.8,28.34,23323.66,6342.97,6636.8,11371.8,2299.6,1426.55,1096.4,2506.96
742,728.05,7862.9,29.96,23675.64,6491.52,6783.9,11502.2,2304.6,1405.37,1113.6,2546.16
743,732.21,7844.6,30.41,23592.98,6448.39,6753.7,11532.1,2318.7,1380.75,1132.0,2545.94
744,757.85,8010.0,36.07,24100.51,6594.96,6910.7,11755.4,2344.2,1330.83,1130.6,2599.95
745,759.55,8143.9,30.11,24597.38,6767.97,7070.3,11936.2,2387.1,1355.91,1153.6,2650.54
746,753.54,8155.1,28.38,24527.27,6763.96,7098.3,11943.3,2407.9,1348.56,1178.3,2651.07
747,756.94,8129.6,25.58,24370.24,6704.24,7031.8,11860.7,2383.7,1337.92,1176.0,2636.78
748,755.49,8147.3,25.58,24423.26,6682.74,7020.5,11889.3,2395.6,1331.82,1170.1,2637.72
749,753.51,8153.5,24.52,24388.95,6613.27,6969.3,11941.9,2426.5,1329.81,1170.4,2633.08
750,749.34,8343.4,21.63,24947.67,6838.85,7188.3,12144.4,2424.9,1266.92,1167.6,2695.95
751,749.84,8363.0,20.65,25027.07,6795.21,7158.4,12222.0,2450.0,1292.09,1196.2,2700.06
752,748.56,8619.5,21.46,25826.43,7062.13,7441.5,12577.5,2495.7,1326.0,1197.5,2790.37
753,741.92,8545.8,21.76,25538.46,6949.01,7330.5,12457.5,2485.1,1349.23,1238.6,2760.17
754,729.08,8455.2,22.64,25338.84,6892.4,7273.1,12389.4,2508.8,1377.18,1225.2,2737.76
755,730.09,8481.0,23.23,25366.43,6913.33,7291.6,12417.6,2513.1,1378.14,1213.7,2743.79
756,730.49,8305.1,21.19,24748.73,6701.04,7082.7,12188.1,2467.6,1410.81,1216.1,2682.17
757,723.84,8266.6,20.74,24640.24,6678.34,7081.9,12181.6,2478.3,1432.7,1186.6,2673.45
758,719.63,8167.4,16.44,24285.95,6527.35,6939.0,12036.2,2452.6,1455.32,1180.5,2632.56
759,718.69,8199.8,18.07,24464.69,6575.66,6972.3,12123.3,2474.7,1440.13,1161.4,2649.93
760,727.65,8182.0,18.79,24465.64,6526.96,6908.8,12048.7,2435.9,1443.1,1171.3,2641.89
761,732.29,8366.6,18.49,25017.44,6642.92,7028.5,12280.9,2508.7,1448.09,1169.9,2690.73
762,729.43,8449.5,19.02,25413.22,6867.02,7247.9,12400.3,2549.0,1477.41,1193.5,2736.27
763,715.02,8408.2,18.9,25289.27,6890.45,7259.0,12361.5,2531.7,1480.75,1213.7,2730.2
764,724.57,8349.2,21.52,25080.5,6769.87,7136.4,12275.5,2497.8,1548.96,1212.6,2701.58
765,735.25,8402.0,20.8,25286.49,6830.91,7200.9,12328.3,2486.8,1533.27,1199.8,2722.18
766,733.04,8403.4,22.48,25387.18,6829.1,7200.9,12343.5,2527.0,1525.39,1209.2,2726.22
767,738.23,8561.8,20.1,25989.3,7039.15,7406.9,12537.5,2542.8,1530.38,1211.6,2781.01
768,743.73,8641.3,18.14,26191.22,7158.59,7530.9,12622.0,2584.3,1492.86,1237.3,2806.83
769,747.1,8656.5,19.98,26180.3,7203.13,7570.8,12679.1,2572.7,1505.96,1249.1,2813.89
770,740.15,8486.8,21.25,25635.01,6988.85,7376.0,12480.1,2550.3,1488.68,1252.4,2755.45
771,734.8,8419.8,20.02,25461.7,6937.09,7328.9,12424.3,2556.0,1488.28,1224.7,2738.31
772,724.85,8367.1,20.45,25270.83,6965.29,7357.0,12321.8,2546.9,1469.01,1217.5,2723.06
773,729.11,8396.1,17.36,25380.74,7069.17,7434.1,12356.5,2555.7,1496.54,1210.7,2740.37
774,733.84,8314.0,16.72,25115.76,6967.1,7305.9,12208.1,2520.5,1527.53,1219.8,2711.74
775,742.58,8278.3,16.36,24874.64,6810.12,7161.6,12129.9,2511.5,1524.12,1208.8,2682.63
776,740.24,8130.0,19.91,24442.92,6713.9,7050.3,11942.5,2478.3,1502.51,1193.7,2641.25
777,729.72,8175.2,19.96,24688.31,6852.4,7167.2,11977.0,2522.3,1514.8,1177.7,2658.69
778,742.37,8281.2,19.51,24984.55,7016.39,7318.3,12118.8,2546.0,1518.79,1189.1,2705.57
779,753.65,8181.6,19.34,24583.42,6789.15,7108.4,11969.7,2512.2,1549.49,1211.1,2656.1
780,737.04,8344.0,21.23,25191.43,7118.67,7437.5,12287.4,2585.0,1578.21,1185.8,2740.69
781,742.02,8419.8,23.35,25317.41,7141.21,7468.6,12374.8,2638.2,1582.16,1225.8,2755.88
782,746.3,8452.3,24.7,25444.34,7107.23,7449.0,12457.3,2652.4,1556.1,1231.0,2767.78
783,734.83,8413.1,24.16,25379.45,7116.09,7485.1,12445.5,2648.0,1547.51,1236.1,2768.78
784,733.53,8535.1,24.22,25706.68,7278.63,7642.7,12613.0,2673.3,1547.98,1232.8,2809.21
785,734.97,8568.5,25.23,25798.42,7276.43,7645.5,12646.0,2693.3,1544.98,1251.7,2809.92
786,726.35,8406.3,20.71,25250.55,7068.67,7430.7,12425.7,2670.5,1511.41,1250.5,2750.79
787,723.61,8405.1,19.64,25339.99,7157.21,7496.9,12439.4,2643.3,1506.64,1224.5,2767.13
788,723.37,8328.9,19.89,25052.83,6964.03,7329.1,12349.5,2631.4,1477.31,1233.7,2728.37
789,739.54,8495.3,20.06,25598.74,7044.5,7422.0,12622.1,2647.9,1483.82,1214.3,2785.68
790,742.98,8759.2,17.4,26430.57,7371.61,7738.0,12960.5,2716.6,1500.4,1239.8,2880.34
791,739.56,8809.4,17.62,26486.78,7352.82,7736.0,13000.1,2721.6,1468.7,1283.6,2884.43
792,733.73,8792.6,21.3,26447.05,7399.01,7788.5,12992.0,2710.0,1526.59,1283.9,2885.57
793,722.56,8828.4,21.31,26627.48,7490.0,7879.5,13042.3,2725.6,1539.5,1283.3,2901.61
794,719.17,8872.0,24.98,26828.39,7637.43,8025.1,13118.5,2759.8,1542.04,1291.5,2925.51
795,727.36,8861.7,22.96,26773.94,7628.28,7999.5,13106.0,2737.4,1560.75,1302.8,2923.43
796,717.84,8849.8,15.95,26651.21,7645.45,8037.3,13125.3,2753.7,1589.6,1301.6,2924.59
797,720.6,8810.2,15.69,26458.31,7627.65,8046.4,13082.5,2720.3,1596.84,1300.8,2913.98
798,710.25,8790.5,14.82,26439.93,7629.57,8042.0,13105.7,2722.0,1553.09,1294.3,2914.0
799,704.04,8767.4,14.22,26385.28,7563.09,7990.4,13102.0,2704.8,1546.68,1295.3,2905.97
800,711.83,8787.5,11.61,26492.21,7563.19,8007.5,13160.6,2714.0,1545.38,1290.1,2915.56
801,720.52,8828.3,12.05,26562.05,7548.75,7993.3,13162.0,2718.0,1575.41,1293.9,2919.37
802,727.16,8909.8,12.0,26743.5,7531.07,7987.0,13236.4,2687.8,1621.87,1294.7,2929.67
803,724.76,8885.7,12.12,26656.98,7569.03,8028.2,13225.1,2675.4,1629.52,1298.1,2930.75
804,723.03,8833.1,12.41,26405.76,7490.32,7950.0,13122.0,2654.1,1632.11,1299.4,2907.95
805,738.39,8828.1,12.89,26246.96,7494.4,7956.1,13092.0,2643.9,1646.91,1288.2,2904.31
806,739.5,8784.0,12.42,26062.12,7434.73,7895.8,13031.9,2608.7,1671.29,1284.9,2888.8
807,736.88,8819.7,12.2,26154.67,7545.5,8010.0,13050.5,2612.8,1656.04,1277.6,2904.98
808,741.96,8803.0,11.68,26145.99,7561.69,8013.7,13034.6,2612.1,1672.99,1285.6,2904.18
809,735.1,8773.7,11.8,25998.92,7488.06,7954.2,12990.1,2608.3,1696.57,1286.6,2888.92
810,735.63,8774.1,11.75,25971.06,7507.87,7972.5,12952.3,2581.5,1690.53,1279.4,2887.89
811,737.53,8759.3,12.79,25857.07,7447.68,7924.2,12928.7,2587.1,1691.61,1279.1,2877.13
812,733.6,8719.6,13.68,25916.54,7430.26,7902.5,12911.1,2614.9,1708.81,1272.3,2871.68
813,741.9,8753.2,12.07,25995.87,7453.17,7922.7,12938.9,2625.7,1705.32,1271.3,2878.05
814,739.62,8749.5,12.37,25974.99,7523.26,7995.2,12968.5,2649.7,1712.32,1274.0,2888.6
815,730.9,8716.0,13.14,25952.48,7622.32,8091.3,12969.9,2654.3,1720.18,1279.4,2896.72
816,726.41,8707.5,13.22,25964.82,7654.55,8109.5,13016.9,2675.1,1702.93,1284.0,2901.52
817,729.79,8718.8,14.16,25986.92,7642.67,8088.4,13039.9,2688.3,1710.97,1286.9,2901.13
818,729.97,8764.5,14.88,26124.57,7660.18,8109.7,13132.2,2707.4,1703.55,1287.4,2914.04
819,725.71,8744.5,14.65,26064.02,7570.25,8030.0,13084.8,2677.7,1721.72,1291.5,2897.52
820,727.21,8749.0,13.91,26049.64,7559.13,8017.9,13102.0,2700.4,1714.32,1283.2,2896.74
821,731.08,8677.3,13.16,25790.35,7485.4,7946.0,12999.4,2684.6,1715.7,1283.4,2874.69
822,728.77,8642.2,12.86,25656.98,7413.84,7878.5,12933.5,2639.4,1718.4,1272.4,2856.98
823,729.14,8671.1,13.53,25733.6,7424.6,7889.1,12990.5,2660.7,1717.47,1265.1,2861.82
824,734.72,8722.4,12.25,25822.29,7397.23,7859.2,12996.8,2628.3,1713.18,1267.1,2862.96
825,740.03,8702.7,12.5,25758.69,7371.42,7821.0,12965.1,2617.1,1714.47,1266.5,2857.05
826,743.96,8662.9,12.16,25669.32,7377.54,7816.3,12908.3,2606.7,1727.65,1264.2,2850.13
827,741.02,8628.4,11.99,25558.73,7374.3,7806.5,12841.3,2599.3,1733.38,1262.3,2840.69
828,732.32,8520.5,12.41,25162.41,7354.66,7774.1,12723.1,2597.5,1740.75,1258.8,2818.37
829,725.68,8536.0,12.25,25299.92,7447.17,7870.9,12835.3,2673.3,1732.35,1248.2,2839.96
830,724.47,8491.9,12.86,25187.7,7401.17,7819.7,12763.7,2660.6,1734.75,1257.6,2821.93
831,723.51,8529.8,12.49,25313.14,7408.3,7839.1,12843.5,2667.4,1728.42,1250.6,2833.28
832,727.45,8585.5,12.64,25509.23,7466.96,7891.8,12956.7,2683.1,1728.41,1255.5,2853.58
833,724.89,8603.0,13.45,25583.75,7469.55,7888.3,12987.9,2663.1,1725.67,1265.1,2857.7
834,727.85,8626.0,14.64,25628.91,7462.65,7883.7,12999.6,2681.2,1717.05,1266.7,2858.45
835,730.17,8593.0,13.31,25502.18,7438.99,7859.7,12964.3,2708.8,1722.54,1266.4,2850.4
836,728.81,8569.1,14.78,25462.58,7395.49,7812.0,12953.3,2706.0,1718.05,1262.6,2840.35
837,721.94,8522.1,13.16,25326.16,7372.15,7802.7,12898.1,2717.8,1698.69,1257.2,2827.22
838,717.8,8501.1,11.27,25333.82,7272.89,7707.3,12902.4,2723.6,1692.95,1250.7,2813.36
839,724.24,8548.0,10.85,25415.19,7231.98,7671.8,12963.3,2749.1,1685.75,1244.1,2816.29
840,717.02,8483.8,10.93,25306.83,7193.1,7630.0,12903.4,2741.3,1670.67,1241.8,2802.6
841,721.6,8524.6,11.27,25451.06,7296.78,7737.4,12921.3,2729.2,1692.58,1237.6,2818.82
842,725.38,8551.7,11.64,25527.07,7400.75,7852.2,12953.4,2766.9,1675.32,1243.8,2837.44
843,717.07,8496.0,12.19,25414.1,7508.59,7932.2,12933.6,2739.0,1686.8,1251.5,2846.07
844,716.61,8408.8,13.15,25241.94,7406.25,7840.8,12847.5,2697.4,1690.89,1260.5,2820.4
845,713.8,8401.4,12.83,25044.29,7371.78,7841.9,12794.0,2694.6,1686.88,1249.9,2806.98
846,718.2,8395.8,14.26,25058.12,7350.23,7820.2,12789.9,2708.6,1688.3,1239.5,2801.83
847,723.96,8408.0,13.03,25064.5,7352.36,7825.3,12786.5,2711.8,1684.31,1236.3,2804.49
848,717.6,8413.8,12.14,25199.29,7390.13,7854.4,12823.2,2718.5,1673.37,1236.0,2815.62
849,720.82,8352.0,12.29,25119.89,7403.89,7855.1,12779.2,2708.9,1682.1,1242.6,2809.55
850,721.05,8335.6,12.41,25064.36,7357.9,7805.7,12748.8,2713.1,1669.26,1240.9,2798.43
851,721.87,8352.2,12.62,25019.41,7375.82,7826.0,12769.5,2731.8,1670.8,1236.6,2801.31
852,720.88,8319.7,12.86,24924.89,7366.25,7823.9,12761.5,2738.3,1653.13,1235.9,2798.29
853,720.56,8265.5,12.87,24700.45,7243.98,7716.6,12681.6,2728.8,1663.34,1234.7,2774.02
854,713.75,8342.8,12.1,24919.66,7282.6,7759.2,12814.6,2761.6,1695.36,1221.8,2793.84
855,706.93,8310.6,12.06,24776.59,7276.0,7756.2,12776.9,2771.7,1685.2,1229.9,2784.17
856,729.37,8239.5,12.83,24456.48,7207.33,7688.4,12664.9,2776.9,1680.2,1224.9,2759.82
857,723.53,8200.1,12.18,24356.74,7101.05,7586.4,12585.2,2749.3,1698.41,1213.3,2736.61
858,719.44,8145.1,12.58,24174.82,7014.55,7502.7,12494.7,2743.7,1696.81,1202.5,2713.22
859,717.64,8185.4,13.63,24307.18,7097.82,7567.7,12485.6,2721.1,1701.31,1191.8,2726.71
860,711.64,8146.0,12.64,24271.41,7040.8,7510.3,12504.3,2748.5,1691.87,1199.5,2718.37
861,712.1,8128.0,12.69,24216.05,7031.6,7503.7,12476.0,2724.8,1687.26,1194.5,2716.31
862,712.51,8114.7,13.37,24117.59,6969.67,7445.1,12412.1,2751.4,1678.54,1194.2,2699.63
863,707.94,8170.3,14.97,24283.11,7068.19,7561.6,12510.5,2762.9,1687.08,1185.3,2723.06
864,707.87,8174.3,16.14,24252.8,7038.17,7532.0,12481.6,2720.0,1690.28,1195.1,2717.07
865,696.6,8273.8,15.6,24580.89,7197.51,7692.8,12639.6,2773.5,1683.66,1191.8,2754.88
866,690.62,8252.4,16.09,24461.7,7217.49,7713.0,12560.2,2721.9,1695.62,1209.7,2749.76
867,688.38,8296.6,16.85,24657.8,7280.7,7781.5,12648.7,2741.4,1704.6,1207.1,2767.32
868,687.96,8302.0,17.91,24700.21,7228.04,7725.6,12639.0,2717.2,1694.05,1215.3,2762.59
869,680.56,8385.8,15.92,24987.47,7251.41,7747.0,12708.6,2739.4,1679.48,1213.2,2773.75
870,678.31,8407.2,17.33,25090.48,7255.76,7746.4,12734.6,2724.9,1660.42,1217.3,2779.66
871,673.3,8401.0,13.77,25175.31,7279.59,7761.0,12772.0,2732.4,1655.09,1220.3,2782.49
872,664.6,8390.0,14.64,25201.2,7205.26,7695.7,12785.5,2722.8,1643.07,1221.8,2775.63
873,665.65,8433.6,12.79,25320.73,7209.18,7703.8,12844.7,2722.1,1645.02,1218.9,2786.85
874,656.93,8411.8,13.35,25322.31,7168.48,7659.9,12857.0,2743.4,1640.45,1223.7,2782.0
875,663.96,8397.1,12.31,25316.53,7152.62,7645.5,12832.1,2727.7,1668.53,1222.4,2779.03
876,664.09,8362.0,11.98,25241.41,7152.83,7635.1,12788.5,2735.9,1657.51,1221.8,2770.37
877,660.54,8336.8,12.12,25146.39,7210.08,7689.2,12778.2,2708.9,1685.58,1218.7,2772.35
878,674.46,8278.2,12.94,24799.98,7166.75,7637.9,12658.7,2725.7,1688.95,1219.2,2748.8
879,679.45,8298.8,12.34,24813.69,7143.57,7606.5,12673.9,2732.9,1706.99,1207.9,2746.87
880,684.74,8290.7,12.35,24635.21,7083.93,7554.3,12620.8,2756.1,1693.45,1207.7,2734.62
881,695.21,8234.5,12.18,24415.84,6967.73,7442.1,12527.1,2751.8,1692.46,1202.0,2705.27
882,694.67,8319.1,12.13,24667.78,6976.37,7462.5,12625.9,2778.4,1683.91,1188.9,2724.01
883,690.07,8216.5,11.64,24361.45,6926.54,7396.6,12442.7,2704.4,1684.72,1194.9,2689.86
884,689.67,8323.1,12.4,24753.09,6960.92,7433.9,12634.9,2679.1,1676.54,1180.3,2721.33
885,685.62,8317.3,12.74,24811.76,6949.7,7424.4,12696.7,2697.4,1682.3,1194.5,2727.76
886,680.68,8296.1,13.46,24886.81,6953.63,7426.0,12743.4,2708.9,1674.68,1197.7,2733.29
887,674.72,8279.1,15.43,24834.41,6893.62,7378.5,12766.7,2712.0,1672.49,1201.5,2724.44
888,672.86,8338.0,14.94,25013.29,6905.53,7394.0,12804.0,2735.1,1667.77,1197.1,2733.01
889,667.79,8241.9,17.02,24715.09,6866.25,7354.3,12717.4,2720.2,1675.95,1200.5,2712.97
890,668.56,8245.7,13.22,24713.98,6901.63,7382.5,12747.8,2720.4,1664.63,1190.7,2720.13
891,674.05,8256.8,12.53,24768.93,6929.97,7398.3,12743.8,2706.9,1653.37,1194.6,2722.46
892,680.17,8236.0,12.58,24706.41,6888.54,7351.6,12704.6,2699.5,1647.98,1197.3,2711.45
893,686.59,8294.5,13.22,24899.41,6964.37,7411.3,12772.0,2715.6,1633.61,1192.8,2730.13
894,689.49,8297.2,13.08,24831.17,6952.56,7402.9,12761.8,2708.8,1647.99,1202.1,2727.72
895,687.88,8253.2,13.42,24739.53,6963.55,7405.0,12731.6,2705.0,1623.65,1200.1,2723.07
896,678.62,8178.2,13.43,24542.54,6893.21,7339.9,12632.5,2685.3,1626.93,1197.2,2697.79
897,683.77,8138.0,13.42,24360.21,6815.48,7266.9,12520.2,2669.1,1628.22,1185.7,2671.92
898,700.34,8147.0,14.63,24357.32,6821.87,7265.2,12519.8,2665.2,1627.61,1173.8,2672.63
899,704.38,8137.3,12.93,24262.51,6769.12,7209.6,12493.3,2654.6,1625.24,1174.3,2663.42
900,700.94,8042.1,12.65,23930.15,6643.48,7088.1,12392.5,2613.0,1637.44,1169.6,2629.73
901,703.59,8052.4,13.23,23924.98,6644.48,7100.9,12418.1,2634.6,1626.63,1153.9,2635.67
902,705.23,8111.1,13.42,24099.05,6681.96,7130.7,12493.0,2612.5,1625.29,1156.6,2654.8
903,707.01,8134.2,14.71,24163.15,6605.57,7066.3,12515.4,2613.6,1616.37,1164.4,2648.05
904,708.68,8193.1,14.75,24311.19,6656.35,7119.8,12594.0,2609.7,1600.34,1160.7,2669.91
905,702.3,8154.9,14.77,24322.34,6649.65,7118.7,12582.9,2596.7,1600.34,1169.9,2666.94
906,694.93,8117.0,15.9,24083.83,6513.94,7003.7,12517.9,2579.2,1606.79,1169.2,2639.4
907,695.41,8082.7,15.97,24024.13,6509.05,7007.4,12514.0,2559.8,1603.71,1155.4,2634.56
908,691.34,8206.2,15.49,24448.69,6648.8,7128.6,12610.8,2588.1,1596.05,1153.8,2670.29
909,691.14,8199.4,15.93,24462.94,6667.75,7146.1,12607.2,2582.4,1586.39,1170.4,2670.14
910,697.1,8268.7,15.41,24664.89,6774.89,7238.1,12671.5,2595.7,1578.95,1170.4,2693.13
911,697.82,8307.5,16.24,24748.07,6833.21,7295.2,12732.8,2603.1,1565.6,1181.9,2708.64
912,700.24,8280.2,17.84,24786.63,6816.37,7281.1,12705.8,2579.9,1546.56,1187.3,2706.39
913,692.36,8229.5,18.02,24573.04,6675.18,7156.3,12628.2,2566.0,1554.91,1188.4,2677.84
914,682.78,8119.7,16.34,24360.14,6628.34,7106.6,12546.0,2549.6,1550.34,1175.8,2656.3
915,678.16,8133.7,16.88,24483.05,6656.26,7140.3,12580.2,2546.0,1541.88,1167.5,2663.99
916,686.68,8054.7,15.96,24189.45,6583.44,7069.0,12514.6,2536.8,1556.24,1170.8,2642.19
917,687.79,8106.6,15.6,24408.0,6615.87,7094.3,12566.0,2515.5,1557.89,1160.6,2656.87
918,692.29,8007.5,15.25,23979.1,6472.34,6950.3,12380.5,2484.9,1550.47,1168.1,2613.16
919,691.59,8003.2,16.56,23932.76,6433.21,6915.1,12349.1,2486.8,1553.28,1148.0,2604.47
920,696.43,8189.1,17.41,24505.22,6594.84,7076.5,12571.9,2528.8,1562.12,1143.8,2662.84
921,690.65,8118.5,18.49,24264.3,6560.06,7042.1,12466.5,2477.6,1564.12,1169.2,2644.69
922,689.01,8072.4,20.24,24033.36,6458.83,6941.3,12367.1,2454.5,1573.82,1159.8,2614.45
923,686.98,7949.4,20.47,23644.19,6390.84,6870.1,12216.7,2432.3,1583.56,1146.3,2581.88
924,692.63,8092.5,21.77,24103.11,6581.13,7063.4,12452.1,2456.3,1579.8,1131.7,2640.87
925,688.63,7991.1,21.49,23848.42,6460.81,6949.2,12308.9,2429.3,1563.03,1157.4,2605.0
926,689.73,7993.3,18.94,23857.71,6529.84,7008.8,12302.5,2442.9,1549.51,1141.5,2612.62
927,680.17,8085.7,20.06,24202.6,6753.83,7220.5,12433.2,2454.2,1557.33,1143.7,2658.55
928,673.68,7899.6,21.1,23533.2,6508.09,6992.7,12177.7,2435.3,1546.8,1165.0,2588.26
929,683.15,8039.1,23.62,23957.89,6682.26,7166.7,12377.4,2456.2,1543.43,1133.0,2643.69
930,679.56,8239.5,19.97,24682.31,6853.45,7345.3,12683.8,2503.2,1514.46,1157.9,2711.93
931,682.94,8261.8,22.87,24727.27,6885.92,7364.3,12663.6,2456.6,1513.3,1189.5,2716.94
932,686.31,8234.6,22.5,24610.91,6864.88,7344.2,12651.5,2450.1,1542.93,1192.4,2712.92
933,691.82,8316.9,21.03,24946.51,7019.95,7482.0,12784.4,2481.3,1531.66,1192.1,2752.01
934,684.23,8270.0,24.87,24873.66,7030.97,7481.7,12743.6,2455.4,1512.15,1211.4,2747.33
935,684.72,8244.4,23.34,24758.12,7040.98,7496.8,12762.7,2467.2,1492.53,1210.8,2749.48
936,677.62,8321.0,17.86,25007.03,7046.51,7511.0,12831.8,2478.8,1529.43,1211.0,2765.31
937,675.34,8339.1,18.2,25178.61,7131.12,7588.3,12898.4,2496.5,1513.03,1218.3,2783.02
938,672.28,8371.5,19.02,25335.74,7101.18,7560.8,12918.8,2499.2,1513.57,1227.6,2786.57
939,669.88,8222.4,15.8,24895.21,6966.43,7428.0,12745.0,2480.4,1543.72,1229.0,2738.97
940,664.8,8183.4,16.59,24801.36,6929.39,7396.6,12707.0,2487.6,1510.08,1207.9,2726.8
941,669.68,8213.4,17.23,24884.12,6913.02,7372.0,12720.8,2494.0,1543.87,1201.9,2728.12
942,677.91,8206.4,16.35,24874.76,6881.28,7330.7,12680.7,2470.6,1579.3,1202.5,2720.94
943,665.85,8117.7,15.78,24538.06,6811.04,7257.9,12558.0,2449.7,1570.41,1201.9,2691.25
944,668.75,8135.8,14.64,24608.98,6750.54,7180.6,12518.7,2447.4,1570.56,1189.0,2677.67
945,668.81,8228.3,16.54,25029.2,6854.42,7273.0,12652.5,2452.3,1586.05,1184.5,2713.83
946,672.02,8338.2,17.76,25410.03,6900.35,7330.4,12819.2,2496.7,1576.62,1201.9,2744.28
947,683.73,8469.5,18.36,25709.27,6989.1,7421.5,12999.6,2525.2,1584.31,1216.3,2779.6
948,685.76,8354.0,18.73,25309.99,6896.6,7337.4,12884.1,2504.6,1592.05,1232.5,2747.3
949,668.2,8224.6,19.59,24962.48,6761.85,7210.1,12711.8,2489.7,1601.06,1215.3,2703.96
950,664.82,8174.7,22.47,24797.78,6759.26,7218.2,12695.5,2494.4,1597.14,1196.4,2701.33
951,673.21,8214.2,19.85,24964.75,6779.69,7234.3,12763.3,2509.7,1571.97,1194.4,2716.26
952,681.12,8312.0,18.59,25219.38,6770.66,7239.5,12874.4,2532.0,1574.53,1200.7,2732.22
953,675.72,8311.0,15.8,25200.37,6794.92,7256.4,12856.9,2532.8,1562.2,1208.9,2731.2
954,662.25,8212.9,16.49,24893.49,6675.03,7143.6,12746.7,2540.4,1546.05,1208.4,2698.63
955,670.08,8155.0,18.72,24640.45,6553.86,7013.5,12574.4,2512.1,1533.17,1193.2,2662.94
956,666.98,8124.9,20.02,24601.27,6523.85,6982.0,12560.1,2527.6,1507.39,1178.9,2656.0
957,661.03,7999.6,20.6,24190.9,6412.68,6874.5,12405.8,2497.7,1512.45,1175.8,2619.55
958,647.9,7918.7,19.46,23860.46,6306.1,6777.2,12270.7,2496.1,1536.47,1159.2,2581.0
959,657.76,8222.4,19.13,24893.35,6582.02,7052.0,12687.2,2535.9,1559.33,1142.3,2681.66
960,662.32,8226.9,19.26,24912.77,6665.98,7115.9,12745.5,2548.5,1549.19,1187.6,2695.14
961,672.89,8096.2,24.97,24345.75,6495.92,6967.5,12572.9,2531.8,1529.99,1194.5,2648.94
962,684.48,8416.3,25.61,25520.96,6760.29,7241.0,13085.3,2601.7,1531.84,1171.8,2762.13
963,689.24,8603.8,29.06,26186.71,6901.5,7385.9,13382.0,2683.6,1529.99,1224.7,2821.98
964,699.25,8624.8,33.46,26149.39,6949.99,7411.5,13368.0,2672.0,1543.55,1252.2,2823.81
965,691.71,8596.6,27.73,26076.89,6930.73,7402.5,13375.5,2657.1,1537.2,1251.4,2822.43
966,691.11,8698.2,29.98,26439.48,6988.31,7466.5,13524.7,2708.7,1522.1,1251.9,2853.53
967,699.1,8748.4,37.32,26616.71,7022.97,7505.8,13637.0,2734.8,1494.95,1265.6,2872.87
968,696.52,8675.0,17.31,26392.79,6916.3,7411.2,13512.7,2724.8,1490.98,1274.0,2839.25
969,687.0,8670.4,13.47,26252.12,6919.35,7415.1,13507.7,2753.9,1477.84,1258.0,2837.54
970,691.81,8705.4,13.54,26210.81,6963.46,7460.3,13474.1,2742.4,1463.79,1256.5,2839.13
971,684.86,8697.3,14.79,26214.6,6906.28,7408.0,13470.4,2715.9,1507.97,1257.5,2832.97
972,682.77,8654.8,13.84,26071.72,6834.33,7336.4,13384.5,2701.0,1507.17,1256.7,2810.3
973,683.9,8637.0,11.08,26017.81,6811.38,7296.0,13315.9,2690.9,1491.09,1245.7,2798.03
974,687.67,8661.3,11.58,26115.65,6810.28,7298.3,13352.4,2714.9,1547.27,1241.6,2802.56
975,683.19,8584.6,11.47,25792.86,6737.14,7223.7,13246.9,2699.5,1579.87,1243.4,2776.42
976,683.91,8619.7,11.1,25803.19,6758.54,7261.1,13294.3,2688.1,1574.98,1231.8,2786.24
977,690.57,8567.3,11.03,25574.73,6708.49,7211.8,13210.8,2682.8,1582.82,1234.6,2767.56
978,693.14,8476.4,11.27,25369.13,6662.66,7153.6,13106.6,2674.1,1598.11,1225.8,2748.23
979,700.98,8490.2,12.22,25385.8,6677.94,7163.6,13120.8,2673.6,1608.06,1217.9,2751.29
980,707.87,8477.4,11.91,25283.0,6676.63,7157.4,13114.3,2688.7,1601.67,1218.1,2747.71
981,700.74,8449.1,11.66,25295.87,6653.29,7136.6,13103.2,2693.9,1599.61,1216.1,2743.15
982,700.52,8393.6,10.16,25075.13,6584.58,7077.9,13028.5,2700.6,1610.71,1215.6,2723.99
983,706.52,8366.9,9.88,24922.68,6575.8,7065.5,12957.3,2694.6,1605.17,1206.3,2713.06
984,715.72,8360.9,9.82,24824.01,6511.34,7006.9,12902.7,2688.0,1597.63,1200.7,2695.81
985,723.37,8310.3,10.08,24719.22,6396.42,6903.4,12808.8,2661.5,1576.73,1193.6,2673.61
986,723.89,8344.5,9.52,24837.51,6441.42,6950.2,12853.1,2668.0,1586.66,1183.2,2687.54
987,720.41,8334.6,9.22,24774.3,6435.15,6939.3,12822.0,2648.7,1572.97,1189.3,2682.62
988,717.03,8318.1,9.22,24746.21,6433.16,6936.3,12808.9,2643.0,1591.97,1187.7,2680.5
989,721.05,8326.9,9.15,24754.06,6465.17,6960.0,12797.4,2616.5,1586.79,1186.6,2683.34
990,719.23,8319.4,9.77,24782.29,6472.69,6965.4,12800.2,2602.7,1559.8,1189.0,2684.57
991,728.98,8324.8,11.04,24726.65,6472.48,6961.0,12747.5,2571.5,1560.1,1190.4,2679.25
992,733.84,8318.1,10.18,24754.75,6480.67,6963.9,12747.5,2573.7,1561.81,1186.6,2681.47
993,745.84,8342.5,10.47,24792.2,6513.27,6994.8,12785.8,2572.7,1560.01,1188.3,2690.16
994,753.38,8299.8,10.25,24651.74,6466.32,6936.6,12699.7,2553.6,1555.72,1192.2,2675.81
995,750.57,8253.3,9.9,24508.66,6389.91,6856.5,12629.1,2559.8,1552.58,1186.7,2652.01
996,750.5,8283.5,9.62,24585.43,6394.67,6875.8,12699.5,2560.7,1550.01,1176.6,2662.85
997,748.31,8257.5,9.72,24504.8,6383.65,6862.3,12697.8,2562.4,1535.51,1180.2,2664.11
998,762.59,8259.2,10.03,24386.03,6393.89,6875.1,12668.2,2568.8,1548.93,1180.5,2659.99
999,757.69,8246.8,9.53,24329.16,6344.57,6840.1,12643.1,2566.8,1543.94,1176.4,2651.5
1000,755.18,8210.9,9.42,24211.48,6316.28,6812.8,12569.0,2563.1,1544.23,1170.8,2636.98
1001,753.13,8164.6,10.49,24140.91,6293.05,6776.4,12532.4,2562.9,1542.93,1164.6,2629.27
1002,750.62,8168.4,10.18,24180.64,6265.11,6762.2,12567.2,2590.1,1547.11,1162.5,2629.57
1003,762.72,8240.3,9.92,24290.05,6263.7,6775.4,12634.9,2608.9,1540.08,1162.6,2639.44
1004,767.16,8196.8,9.34,24231.59,6337.87,6847.6,12614.6,2614.1,1536.75,1166.0,2642.22
1005,770.39,8229.3,9.58,24272.35,6365.56,6874.0,12627.8,2607.3,1548.92,1166.2,2647.58
1006,767.55,8117.1,10.16,23940.68,6311.38,6824.4,12561.3,2592.3,1530.42,1167.8,2626.07
